-- phpMyAdmin SQL Dump
-- version 4.9.5deb2
-- https://www.phpmyadmin.net/
--
-- Host: localhost:3306
-- Tempo de geração: 01/09/2023 às 01:48
-- Versão do servidor: 10.3.38-MariaDB-0ubuntu0.20.04.1
-- Versão do PHP: 7.4.33

SET SQL_MODE = "NO_AUTO_VALUE_ON_ZERO";
SET AUTOCOMMIT = 0;
START TRANSACTION;
SET time_zone = "+00:00";


/*!40101 SET @OLD_CHARACTER_SET_CLIENT=@@CHARACTER_SET_CLIENT */;
/*!40101 SET @OLD_CHARACTER_SET_RESULTS=@@CHARACTER_SET_RESULTS */;
/*!40101 SET @OLD_COLLATION_CONNECTION=@@COLLATION_CONNECTION */;
/*!40101 SET NAMES utf8mb4 */;

--
-- Banco de dados: `fenix`
--

-- --------------------------------------------------------

--
-- Estrutura para tabela `accounts`
--

CREATE TABLE `accounts` (
  `id` int(11) UNSIGNED NOT NULL,
  `name` varchar(32) DEFAULT NULL,
  `password` text NOT NULL,
  `email` varchar(255) NOT NULL DEFAULT '',
  `created` int(11) NOT NULL DEFAULT 0,
  `rlname` varchar(255) NOT NULL DEFAULT '',
  `location` varchar(255) NOT NULL DEFAULT '',
  `country` varchar(3) NOT NULL DEFAULT '',
  `web_lastlogin` int(11) NOT NULL DEFAULT 0,
  `web_flags` int(11) NOT NULL DEFAULT 0,
  `email_hash` varchar(32) NOT NULL DEFAULT '',
  `email_new` varchar(255) NOT NULL DEFAULT '',
  `email_new_time` int(11) NOT NULL DEFAULT 0,
  `email_code` varchar(255) NOT NULL DEFAULT '',
  `email_next` int(11) NOT NULL DEFAULT 0,
  `premium_points` int(11) NOT NULL DEFAULT 0,
  `email_verified` tinyint(1) NOT NULL DEFAULT 0,
  `key` varchar(64) NOT NULL DEFAULT '',
  `premdays` int(11) NOT NULL DEFAULT 0,
  `premdays_purchased` int(11) NOT NULL DEFAULT 0,
  `lastday` int(10) UNSIGNED NOT NULL DEFAULT 0,
  `type` tinyint(1) UNSIGNED NOT NULL DEFAULT 1,
  `coins` int(12) UNSIGNED NOT NULL DEFAULT 0,
  `coins_transferable` int(12) UNSIGNED NOT NULL DEFAULT 0,
  `tournament_coins` int(12) UNSIGNED NOT NULL DEFAULT 0,
  `creation` int(11) UNSIGNED NOT NULL DEFAULT 0,
  `recruiter` int(6) DEFAULT 0,
  `vote` int(11) NOT NULL DEFAULT 0
) ENGINE=InnoDB DEFAULT CHARSET=utf8 COLLATE=utf8_general_ci;

--
-- Despejando dados para a tabela `accounts`
--

INSERT INTO `accounts` (`id`, `name`, `password`, `email`, `created`, `rlname`, `location`, `country`, `web_lastlogin`, `web_flags`, `email_hash`, `email_new`, `email_new_time`, `email_code`, `email_next`, `premium_points`, `email_verified`, `key`, `premdays`, `premdays_purchased`, `lastday`, `type`, `coins`, `coins_transferable`, `tournament_coins`, `creation`, `recruiter`, `vote`) VALUES
(1, 'god', 'c04c203894f01ce477b9c10d20ab25845c7206f8', '@gowwdds', 0, '', '', '', 0, 0, '', '', 0, '', 0, 0, 0, '', 0, 0, 0, 5, 0, 0, 0, 1691183810, 0, 0),
(2, 'tony', 'd07c44665ecfc21da0e17849a86ac7e2df22e3d0', '@tony', 1690305720, '', '', 'us', 1690306108, 3, '', '', 0, '', 0, 0, 0, '', 0, 30, 0, 5, 0, 0, 0, 1690306606, 0, 0),
(3, 'campos', 'c04c203894f01ce477b9c10d20ab25845c7206f8', '@flacko', 1690307749, '', '', 'br', 1693444840, 0, '', '', 0, '', 0, 0, 0, '', 335, 360, 1722551255, 5, 0, 0, 0, 1691183848, 0, 0);

-- --------------------------------------------------------

--
-- Estrutura para tabela `account_bans`
--

CREATE TABLE `account_bans` (
  `account_id` int(11) UNSIGNED NOT NULL,
  `reason` varchar(255) NOT NULL,
  `banned_at` bigint(20) NOT NULL,
  `expires_at` bigint(20) NOT NULL,
  `banned_by` int(11) NOT NULL
) ENGINE=InnoDB DEFAULT CHARSET=utf8 COLLATE=utf8_general_ci;

-- --------------------------------------------------------

--
-- Estrutura para tabela `account_ban_history`
--

CREATE TABLE `account_ban_history` (
  `id` int(11) NOT NULL,
  `account_id` int(11) UNSIGNED NOT NULL,
  `reason` varchar(255) NOT NULL,
  `banned_at` bigint(20) NOT NULL,
  `expired_at` bigint(20) NOT NULL,
  `banned_by` int(11) NOT NULL
) ENGINE=InnoDB DEFAULT CHARSET=utf8 COLLATE=utf8_general_ci;

-- --------------------------------------------------------

--
-- Estrutura para tabela `account_sessions`
--

CREATE TABLE `account_sessions` (
  `id` varchar(191) NOT NULL,
  `account_id` int(10) UNSIGNED NOT NULL,
  `expires` bigint(20) UNSIGNED NOT NULL
) ENGINE=InnoDB DEFAULT CHARSET=utf8 COLLATE=utf8_general_ci;

-- --------------------------------------------------------

--
-- Estrutura para tabela `account_viplist`
--

CREATE TABLE `account_viplist` (
  `account_id` int(11) UNSIGNED NOT NULL COMMENT 'id of account whose viplist entry it is',
  `player_id` int(11) NOT NULL COMMENT 'id of target player of viplist entry',
  `description` varchar(128) NOT NULL DEFAULT '',
  `icon` tinyint(2) UNSIGNED NOT NULL DEFAULT 0,
  `notify` tinyint(1) NOT NULL DEFAULT 0
) ENGINE=InnoDB DEFAULT CHARSET=utf8 COLLATE=utf8_general_ci;

-- --------------------------------------------------------

--
-- Estrutura para tabela `boosted_boss`
--

CREATE TABLE `boosted_boss` (
  `looktypeEx` int(11) NOT NULL DEFAULT 0,
  `looktype` int(11) NOT NULL DEFAULT 136,
  `lookfeet` int(11) NOT NULL DEFAULT 0,
  `looklegs` int(11) NOT NULL DEFAULT 0,
  `lookhead` int(11) NOT NULL DEFAULT 0,
  `lookbody` int(11) NOT NULL DEFAULT 0,
  `lookaddons` int(11) NOT NULL DEFAULT 0,
  `lookmount` int(11) DEFAULT 0,
  `date` varchar(250) NOT NULL DEFAULT '',
  `boostname` text DEFAULT NULL,
  `raceid` varchar(250) NOT NULL DEFAULT ''
) ENGINE=InnoDB DEFAULT CHARSET=utf8mb4 COLLATE=utf8mb4_general_ci;

--
-- Despejando dados para a tabela `boosted_boss`
--

INSERT INTO `boosted_boss` (`looktypeEx`, `looktype`, `lookfeet`, `looklegs`, `lookhead`, `lookbody`, `lookaddons`, `lookmount`, `date`, `boostname`, `raceid`) VALUES
(0, 842, 87, 2, 0, 62, 1, 0, '1', 'Shulgrax', '1191');

-- --------------------------------------------------------

--
-- Estrutura para tabela `boosted_creature`
--

CREATE TABLE `boosted_creature` (
  `looktype` int(11) NOT NULL DEFAULT 136,
  `lookfeet` int(11) NOT NULL DEFAULT 0,
  `looklegs` int(11) NOT NULL DEFAULT 0,
  `lookhead` int(11) NOT NULL DEFAULT 0,
  `lookbody` int(11) NOT NULL DEFAULT 0,
  `lookaddons` int(11) NOT NULL DEFAULT 0,
  `lookmount` int(11) DEFAULT 0,
  `date` varchar(250) NOT NULL DEFAULT '',
  `boostname` text DEFAULT NULL,
  `raceid` varchar(250) NOT NULL DEFAULT ''
) ENGINE=InnoDB DEFAULT CHARSET=utf8mb4 COLLATE=utf8mb4_general_ci;

--
-- Despejando dados para a tabela `boosted_creature`
--

INSERT INTO `boosted_creature` (`looktype`, `lookfeet`, `looklegs`, `lookhead`, `lookbody`, `lookaddons`, `lookmount`, `date`, `boostname`, `raceid`) VALUES
(344, 0, 0, 0, 0, 0, 0, '1', 'Lizard Chosen', '620');

-- --------------------------------------------------------

--
-- Estrutura para tabela `coins_transactions`
--

CREATE TABLE `coins_transactions` (
  `id` int(11) UNSIGNED NOT NULL,
  `account_id` int(11) UNSIGNED NOT NULL,
  `type` tinyint(1) UNSIGNED NOT NULL,
  `amount` int(12) UNSIGNED NOT NULL,
  `description` varchar(3500) NOT NULL,
  `timestamp` timestamp NOT NULL DEFAULT current_timestamp()
) ENGINE=InnoDB DEFAULT CHARSET=utf8 COLLATE=utf8_general_ci;

-- --------------------------------------------------------

--
-- Estrutura para tabela `daily_reward_history`
--

CREATE TABLE `daily_reward_history` (
  `id` int(11) NOT NULL,
  `daystreak` smallint(2) NOT NULL DEFAULT 0,
  `player_id` int(11) NOT NULL,
  `timestamp` int(11) NOT NULL,
  `description` varchar(255) DEFAULT NULL
) ENGINE=InnoDB DEFAULT CHARSET=utf8 COLLATE=utf8_general_ci;

-- --------------------------------------------------------

--
-- Estrutura para tabela `forge_history`
--

CREATE TABLE `forge_history` (
  `id` int(11) NOT NULL,
  `player_id` int(11) NOT NULL,
  `action_type` int(11) NOT NULL DEFAULT 0,
  `description` text NOT NULL,
  `is_success` tinyint(4) NOT NULL DEFAULT 0,
  `bonus` tinyint(4) NOT NULL DEFAULT 0,
  `done_at` bigint(20) NOT NULL,
  `done_at_date` datetime DEFAULT current_timestamp(),
  `cost` bigint(20) UNSIGNED NOT NULL DEFAULT 0,
  `gained` bigint(20) UNSIGNED NOT NULL DEFAULT 0
) ENGINE=InnoDB DEFAULT CHARSET=utf8 COLLATE=utf8_general_ci;

-- --------------------------------------------------------

--
-- Estrutura para tabela `global_storage`
--

CREATE TABLE `global_storage` (
  `key` varchar(32) NOT NULL,
  `value` text NOT NULL
) ENGINE=InnoDB DEFAULT CHARSET=utf8 COLLATE=utf8_general_ci;

--
-- Despejando dados para a tabela `global_storage`
--

INSERT INTO `global_storage` (`key`, `value`) VALUES
('14110', '1693454700'),
('40000', '4');

-- --------------------------------------------------------

--
-- Estrutura para tabela `guilds`
--

CREATE TABLE `guilds` (
  `id` int(11) NOT NULL,
  `level` int(11) NOT NULL DEFAULT 1,
  `name` varchar(255) NOT NULL,
  `ownerid` int(11) NOT NULL,
  `creationdata` int(11) NOT NULL,
  `motd` varchar(255) NOT NULL DEFAULT '',
  `residence` int(11) NOT NULL DEFAULT 0,
  `balance` bigint(20) UNSIGNED NOT NULL DEFAULT 0,
  `points` int(11) NOT NULL DEFAULT 0,
  `description` text NOT NULL,
  `logo_name` varchar(255) NOT NULL DEFAULT 'default.gif'
) ENGINE=InnoDB DEFAULT CHARSET=utf8 COLLATE=utf8_general_ci;

--
-- Despejando dados para a tabela `guilds`
--

INSERT INTO `guilds` (`id`, `level`, `name`, `ownerid`, `creationdata`, `motd`, `residence`, `balance`, `points`, `description`, `logo_name`) VALUES
(1, 1, 'Phoenix OT', 6, 1693273394, '', 0, 0, 0, 'New guild. Leader must edit this text :)', 'default.gif'),
(2, 1, 'Phoenix', 9, 1693273489, '', 0, 0, 0, 'New guild. Leader must edit this text :)', 'default.gif');

--
-- Gatilhos `guilds`
--
DELIMITER $$
CREATE TRIGGER `oncreate_guilds` AFTER INSERT ON `guilds` FOR EACH ROW BEGIN
        INSERT INTO `guild_ranks` (`name`, `level`, `guild_id`) VALUES ('The Leader', 3, NEW.`id`);
        INSERT INTO `guild_ranks` (`name`, `level`, `guild_id`) VALUES ('Vice-Leader', 2, NEW.`id`);
        INSERT INTO `guild_ranks` (`name`, `level`, `guild_id`) VALUES ('Member', 1, NEW.`id`);
END
$$
DELIMITER ;

-- --------------------------------------------------------

--
-- Estrutura para tabela `guildwar_kills`
--

CREATE TABLE `guildwar_kills` (
  `id` int(11) NOT NULL,
  `killer` varchar(50) NOT NULL,
  `target` varchar(50) NOT NULL,
  `killerguild` int(11) NOT NULL DEFAULT 0,
  `targetguild` int(11) NOT NULL DEFAULT 0,
  `warid` int(11) NOT NULL DEFAULT 0,
  `time` bigint(15) NOT NULL
) ENGINE=InnoDB DEFAULT CHARSET=utf8 COLLATE=utf8_general_ci;

-- --------------------------------------------------------

--
-- Estrutura para tabela `guild_invites`
--

CREATE TABLE `guild_invites` (
  `player_id` int(11) NOT NULL DEFAULT 0,
  `guild_id` int(11) NOT NULL DEFAULT 0,
  `date` int(11) NOT NULL
) ENGINE=InnoDB DEFAULT CHARSET=utf8 COLLATE=utf8_general_ci;

-- --------------------------------------------------------

--
-- Estrutura para tabela `guild_membership`
--

CREATE TABLE `guild_membership` (
  `player_id` int(11) NOT NULL,
  `guild_id` int(11) NOT NULL,
  `rank_id` int(11) NOT NULL,
  `nick` varchar(15) NOT NULL DEFAULT ''
) ENGINE=InnoDB DEFAULT CHARSET=utf8 COLLATE=utf8_general_ci;

--
-- Despejando dados para a tabela `guild_membership`
--

INSERT INTO `guild_membership` (`player_id`, `guild_id`, `rank_id`, `nick`) VALUES
(6, 1, 1, ''),
(9, 2, 4, '');

-- --------------------------------------------------------

--
-- Estrutura para tabela `guild_ranks`
--

CREATE TABLE `guild_ranks` (
  `id` int(11) NOT NULL,
  `guild_id` int(11) NOT NULL COMMENT 'guild',
  `name` varchar(255) NOT NULL COMMENT 'rank name',
  `level` int(11) NOT NULL COMMENT 'rank level - leader, vice, member, maybe something else'
) ENGINE=InnoDB DEFAULT CHARSET=utf8 COLLATE=utf8_general_ci;

--
-- Despejando dados para a tabela `guild_ranks`
--

INSERT INTO `guild_ranks` (`id`, `guild_id`, `name`, `level`) VALUES
(1, 1, 'The Leader', 3),
(2, 1, 'Vice-Leader', 2),
(3, 1, 'Member', 1),
(4, 2, 'The Leader', 3),
(5, 2, 'Vice-Leader', 2),
(6, 2, 'Member', 1);

-- --------------------------------------------------------

--
-- Estrutura para tabela `guild_wars`
--

CREATE TABLE `guild_wars` (
  `id` int(11) NOT NULL,
  `guild1` int(11) NOT NULL DEFAULT 0,
  `guild2` int(11) NOT NULL DEFAULT 0,
  `name1` varchar(255) NOT NULL,
  `name2` varchar(255) NOT NULL,
  `status` tinyint(2) NOT NULL DEFAULT 0,
  `started` bigint(15) NOT NULL DEFAULT 0,
  `ended` bigint(15) NOT NULL DEFAULT 0
) ENGINE=InnoDB DEFAULT CHARSET=utf8 COLLATE=utf8_general_ci;

-- --------------------------------------------------------

--
-- Estrutura para tabela `houses`
--

CREATE TABLE `houses` (
  `id` int(11) NOT NULL,
  `owner` int(11) NOT NULL,
  `paid` int(10) UNSIGNED NOT NULL DEFAULT 0,
  `warnings` int(11) NOT NULL DEFAULT 0,
  `name` varchar(255) NOT NULL,
  `rent` int(11) NOT NULL DEFAULT 0,
  `town_id` int(11) NOT NULL DEFAULT 0,
  `bid` int(11) NOT NULL DEFAULT 0,
  `bid_end` int(11) NOT NULL DEFAULT 0,
  `last_bid` int(11) NOT NULL DEFAULT 0,
  `highest_bidder` int(11) NOT NULL DEFAULT 0,
  `size` int(11) NOT NULL DEFAULT 0,
  `guildid` int(11) DEFAULT NULL,
  `beds` int(11) NOT NULL DEFAULT 0
) ENGINE=InnoDB DEFAULT CHARSET=utf8 COLLATE=utf8_general_ci;

--
-- Despejando dados para a tabela `houses`
--

INSERT INTO `houses` (`id`, `owner`, `paid`, `warnings`, `name`, `rent`, `town_id`, `bid`, `bid_end`, `last_bid`, `highest_bidder`, `size`, `guildid`, `beds`) VALUES
(1, 0, 0, 0, 'Unnamed House #1', 0, 1, 0, 0, 0, 0, 2, NULL, 0);

-- --------------------------------------------------------

--
-- Estrutura para tabela `house_lists`
--

CREATE TABLE `house_lists` (
  `house_id` int(11) NOT NULL,
  `listid` int(11) NOT NULL,
  `list` text NOT NULL
) ENGINE=InnoDB DEFAULT CHARSET=utf8 COLLATE=utf8_general_ci;

-- --------------------------------------------------------

--
-- Estrutura para tabela `ip_bans`
--

CREATE TABLE `ip_bans` (
  `ip` int(11) NOT NULL,
  `reason` varchar(255) NOT NULL,
  `banned_at` bigint(20) NOT NULL,
  `expires_at` bigint(20) NOT NULL,
  `banned_by` int(11) NOT NULL
) ENGINE=InnoDB DEFAULT CHARSET=utf8 COLLATE=utf8_general_ci;

-- --------------------------------------------------------

--
-- Estrutura para tabela `market_history`
--

CREATE TABLE `market_history` (
  `id` int(11) NOT NULL,
  `player_id` int(11) NOT NULL,
  `sale` tinyint(1) NOT NULL DEFAULT 0,
  `itemtype` int(10) UNSIGNED NOT NULL,
  `amount` smallint(5) UNSIGNED NOT NULL,
  `price` bigint(20) UNSIGNED NOT NULL DEFAULT 0,
  `expires_at` bigint(20) UNSIGNED NOT NULL,
  `inserted` bigint(20) UNSIGNED NOT NULL,
  `state` tinyint(1) UNSIGNED NOT NULL,
  `tier` tinyint(3) UNSIGNED NOT NULL DEFAULT 0
) ENGINE=InnoDB DEFAULT CHARSET=utf8 COLLATE=utf8_general_ci;

-- --------------------------------------------------------

--
-- Estrutura para tabela `market_offers`
--

CREATE TABLE `market_offers` (
  `id` int(11) NOT NULL,
  `player_id` int(11) NOT NULL,
  `sale` tinyint(1) NOT NULL DEFAULT 0,
  `itemtype` int(10) UNSIGNED NOT NULL,
  `amount` smallint(5) UNSIGNED NOT NULL,
  `created` bigint(20) UNSIGNED NOT NULL,
  `anonymous` tinyint(1) NOT NULL DEFAULT 0,
  `price` bigint(20) UNSIGNED NOT NULL DEFAULT 0,
  `tier` tinyint(3) UNSIGNED NOT NULL DEFAULT 0
) ENGINE=InnoDB DEFAULT CHARSET=utf8 COLLATE=utf8_general_ci;

-- --------------------------------------------------------

--
-- Estrutura para tabela `myaac_account_actions`
--

CREATE TABLE `myaac_account_actions` (
  `account_id` int(11) NOT NULL,
  `ip` varchar(16) NOT NULL DEFAULT '0.0.0.0',
  `ipv6` binary(16) NOT NULL DEFAULT '0\0\0\0\0\0\0\0\0\0\0\0\0\0\0\0',
  `date` int(11) NOT NULL DEFAULT 0,
  `action` varchar(255) NOT NULL DEFAULT ''
) ENGINE=InnoDB DEFAULT CHARSET=utf8 COLLATE=utf8_general_ci;

--
-- Despejando dados para a tabela `myaac_account_actions`
--

INSERT INTO `myaac_account_actions` (`account_id`, `ip`, `ipv6`, `date`, `action`) VALUES
(2, '3191097963', 0x00000000000000000000000000000000, 1690305720, 'Account created.'),
(2, '0', 0x28042488a08326d03d147cd72c4633b2, 1690307127, 'Created character <b>Tester</b>.'),
(3, '0', 0x2804056cff2dd600bd5839bc9ed5a148, 1690307749, 'Account created.'),
(3, '0', 0x2804056cff2dd600bd5839bc9ed5a148, 1690307749, 'Created character <b>Flacko</b>.'),
(4, '765603896', 0x00000000000000000000000000000000, 1690336667, 'Account created.'),
(4, '765603896', 0x00000000000000000000000000000000, 1690336667, 'Created character <b>Vulkan</b>.'),
(4, '765603896', 0x00000000000000000000000000000000, 1690336731, 'Generated recovery key.'),
(5, '0', 0x28042fec014ab15969d55bfa52cee74e, 1691471837, 'Account created.'),
(5, '0', 0x28042fec014ab15969d55bfa52cee74e, 1691471837, 'Created character <b>Sukuna</b>.'),
(3, '0', 0x2804056cff9c32008dcf1926040c4ca7, 1693444858, 'Created character <b>Flackaa</b>.');

-- --------------------------------------------------------

--
-- Estrutura para tabela `myaac_admin_menu`
--

CREATE TABLE `myaac_admin_menu` (
  `id` int(11) NOT NULL,
  `name` varchar(255) NOT NULL DEFAULT '',
  `page` varchar(255) NOT NULL DEFAULT '',
  `ordering` int(11) NOT NULL DEFAULT 0,
  `flags` int(11) NOT NULL DEFAULT 0,
  `enabled` int(1) NOT NULL DEFAULT 1
) ENGINE=InnoDB DEFAULT CHARSET=utf8 COLLATE=utf8_general_ci;

-- --------------------------------------------------------

--
-- Estrutura para tabela `myaac_bugtracker`
--

CREATE TABLE `myaac_bugtracker` (
  `account` varchar(255) NOT NULL,
  `type` int(11) NOT NULL DEFAULT 0,
  `status` int(11) NOT NULL DEFAULT 0,
  `text` text NOT NULL,
  `id` int(11) NOT NULL DEFAULT 0,
  `subject` varchar(255) NOT NULL DEFAULT '',
  `reply` int(11) NOT NULL DEFAULT 0,
  `who` int(11) NOT NULL DEFAULT 0,
  `uid` int(11) NOT NULL,
  `tag` int(11) NOT NULL DEFAULT 0
) ENGINE=InnoDB DEFAULT CHARSET=utf8 COLLATE=utf8_general_ci;

-- --------------------------------------------------------

--
-- Estrutura para tabela `myaac_changelog`
--

CREATE TABLE `myaac_changelog` (
  `id` int(11) NOT NULL,
  `body` varchar(500) NOT NULL DEFAULT '',
  `type` tinyint(1) NOT NULL DEFAULT 0 COMMENT '1 - added, 2 - removed, 3 - changed, 4 - fixed',
  `where` tinyint(1) NOT NULL DEFAULT 0 COMMENT '1 - server, 2 - site',
  `date` int(11) NOT NULL DEFAULT 0,
  `player_id` int(11) NOT NULL DEFAULT 0,
  `hidden` tinyint(1) NOT NULL DEFAULT 0
) ENGINE=InnoDB DEFAULT CHARSET=utf8 COLLATE=utf8_general_ci;

--
-- Despejando dados para a tabela `myaac_changelog`
--

INSERT INTO `myaac_changelog` (`id`, `body`, `type`, `where`, `date`, `player_id`, `hidden`) VALUES
(1, 'MyAAC installed. (:', 3, 2, 1690305620, 0, 0);

-- --------------------------------------------------------

--
-- Estrutura para tabela `myaac_charbazaar`
--

CREATE TABLE `myaac_charbazaar` (
  `id` int(11) NOT NULL,
  `account_old` int(11) NOT NULL,
  `account_new` int(11) NOT NULL,
  `player_id` int(11) NOT NULL,
  `price` int(11) NOT NULL,
  `date_end` datetime NOT NULL,
  `date_start` datetime NOT NULL,
  `bid_account` int(11) NOT NULL,
  `bid_price` int(11) NOT NULL,
  `status` int(11) NOT NULL
) ENGINE=InnoDB DEFAULT CHARSET=utf8 COLLATE=utf8_general_ci;

-- --------------------------------------------------------

--
-- Estrutura para tabela `myaac_charbazaar_bid`
--

CREATE TABLE `myaac_charbazaar_bid` (
  `id` int(11) NOT NULL,
  `account_id` int(11) NOT NULL,
  `auction_id` int(11) NOT NULL,
  `bid` int(11) NOT NULL,
  `date` timestamp NOT NULL DEFAULT current_timestamp() ON UPDATE current_timestamp()
) ENGINE=InnoDB DEFAULT CHARSET=utf8 COLLATE=utf8_general_ci;

-- --------------------------------------------------------

--
-- Estrutura para tabela `myaac_config`
--

CREATE TABLE `myaac_config` (
  `id` int(11) NOT NULL,
  `name` varchar(30) NOT NULL,
  `value` varchar(1000) NOT NULL
) ENGINE=InnoDB DEFAULT CHARSET=utf8 COLLATE=utf8_general_ci;

--
-- Despejando dados para a tabela `myaac_config`
--

INSERT INTO `myaac_config` (`id`, `name`, `value`) VALUES
(1, 'database_version', '34'),
(2, 'status_online', '1'),
(3, 'status_players', '1'),
(4, 'status_playersMax', '0'),
(5, 'status_lastCheck', '1693525641'),
(6, 'status_uptime', '4155'),
(7, 'status_monsters', '26094'),
(8, 'last_usage_report', '1693502435'),
(9, 'views_counter', '462760'),
(10, 'status_uptimeReadable', '1h 9m'),
(11, 'status_motd', 'Welcome to the PhoenixOT!'),
(12, 'status_mapAuthor', 'Tony'),
(13, 'status_mapName', 'phoenix'),
(14, 'status_mapWidth', '35000'),
(15, 'status_mapHeight', '35000'),
(16, 'status_server', 'Canary'),
(17, 'status_serverVersion', '2.6.1'),
(18, 'status_clientVersion', '13.20');

-- --------------------------------------------------------

--
-- Estrutura para tabela `myaac_faq`
--

CREATE TABLE `myaac_faq` (
  `id` int(11) NOT NULL,
  `question` varchar(255) NOT NULL DEFAULT '',
  `answer` varchar(1020) NOT NULL DEFAULT '',
  `ordering` int(11) NOT NULL DEFAULT 0,
  `hidden` tinyint(1) NOT NULL DEFAULT 0
) ENGINE=InnoDB DEFAULT CHARSET=utf8 COLLATE=utf8_general_ci;

-- --------------------------------------------------------

--
-- Estrutura para tabela `myaac_forum`
--

CREATE TABLE `myaac_forum` (
  `id` int(11) NOT NULL,
  `first_post` int(11) NOT NULL DEFAULT 0,
  `last_post` int(11) NOT NULL DEFAULT 0,
  `section` int(3) NOT NULL DEFAULT 0,
  `replies` int(20) NOT NULL DEFAULT 0,
  `views` int(20) NOT NULL DEFAULT 0,
  `author_aid` int(20) NOT NULL DEFAULT 0,
  `author_guid` int(20) NOT NULL DEFAULT 0,
  `post_text` text NOT NULL,
  `post_topic` varchar(255) NOT NULL DEFAULT '',
  `post_smile` tinyint(1) NOT NULL DEFAULT 0,
  `post_html` tinyint(1) NOT NULL DEFAULT 0,
  `post_date` int(20) NOT NULL DEFAULT 0,
  `last_edit_aid` int(20) NOT NULL DEFAULT 0,
  `edit_date` int(20) NOT NULL DEFAULT 0,
  `post_ip` varchar(32) NOT NULL DEFAULT '0.0.0.0',
  `sticked` tinyint(1) NOT NULL DEFAULT 0,
  `closed` tinyint(1) NOT NULL DEFAULT 0
) ENGINE=InnoDB DEFAULT CHARSET=utf8 COLLATE=utf8_general_ci;

-- --------------------------------------------------------

--
-- Estrutura para tabela `myaac_forum_boards`
--

CREATE TABLE `myaac_forum_boards` (
  `id` int(11) NOT NULL,
  `name` varchar(32) NOT NULL,
  `description` varchar(255) NOT NULL DEFAULT '',
  `ordering` int(11) NOT NULL DEFAULT 0,
  `guild` int(11) NOT NULL DEFAULT 0,
  `access` int(11) NOT NULL DEFAULT 0,
  `closed` tinyint(1) NOT NULL DEFAULT 0,
  `hidden` tinyint(1) NOT NULL DEFAULT 0
) ENGINE=InnoDB DEFAULT CHARSET=utf8 COLLATE=utf8_general_ci;

--
-- Despejando dados para a tabela `myaac_forum_boards`
--

INSERT INTO `myaac_forum_boards` (`id`, `name`, `description`, `ordering`, `guild`, `access`, `closed`, `hidden`) VALUES
(1, 'News', 'News commenting', 0, 0, 0, 1, 0),
(2, 'Trade', 'Trade offers.', 1, 0, 0, 0, 0),
(3, 'Quests', 'Quest making.', 2, 0, 0, 0, 0),
(4, 'Pictures', 'Your pictures.', 3, 0, 0, 0, 0),
(5, 'Bug Report', 'Report bugs there.', 4, 0, 0, 0, 0);

-- --------------------------------------------------------

--
-- Estrutura para tabela `myaac_gallery`
--

CREATE TABLE `myaac_gallery` (
  `id` int(11) NOT NULL,
  `comment` varchar(255) NOT NULL DEFAULT '',
  `image` varchar(255) NOT NULL,
  `thumb` varchar(255) NOT NULL,
  `author` varchar(50) NOT NULL DEFAULT '',
  `ordering` int(11) NOT NULL DEFAULT 0,
  `hidden` tinyint(1) NOT NULL DEFAULT 0
) ENGINE=InnoDB DEFAULT CHARSET=utf8 COLLATE=utf8_general_ci;

--
-- Despejando dados para a tabela `myaac_gallery`
--

INSERT INTO `myaac_gallery` (`id`, `comment`, `image`, `thumb`, `author`, `ordering`, `hidden`) VALUES
(1, 'Demon', 'images/gallery/demon.jpg', 'images/gallery/demon_thumb.gif', 'MyAAC', 1, 0);

-- --------------------------------------------------------

--
-- Estrutura para tabela `myaac_menu`
--

CREATE TABLE `myaac_menu` (
  `id` int(11) NOT NULL,
  `template` varchar(255) NOT NULL,
  `name` varchar(255) NOT NULL,
  `link` varchar(255) NOT NULL,
  `blank` tinyint(1) NOT NULL DEFAULT 0,
  `color` varchar(6) NOT NULL DEFAULT '',
  `category` int(11) NOT NULL DEFAULT 1,
  `ordering` int(11) NOT NULL DEFAULT 0,
  `enabled` int(1) NOT NULL DEFAULT 1
) ENGINE=InnoDB DEFAULT CHARSET=utf8 COLLATE=utf8_general_ci;

--
-- Despejando dados para a tabela `myaac_menu`
--

INSERT INTO `myaac_menu` (`id`, `template`, `name`, `link`, `blank`, `color`, `category`, `ordering`, `enabled`) VALUES
(1, 'tibiacom', 'Latest News', 'news', 0, '', 1, 0, 1),
(2, 'tibiacom', 'News Archive', 'news/archive', 0, '', 1, 1, 1),
(3, 'tibiacom', 'Event Schedule', 'eventcalendar', 0, '', 1, 2, 1),
(4, 'tibiacom', 'Account Management', 'account/manage', 0, '', 2, 0, 1),
(5, 'tibiacom', 'Create Account', 'account/create', 0, '', 2, 1, 1),
(6, 'tibiacom', 'Lost Account?', 'account/lost', 0, '', 2, 2, 1),
(7, 'tibiacom', 'Server Rules', 'rules', 0, '', 2, 3, 1),
(8, 'tibiacom', 'Downloads', 'downloadclient', 0, '', 2, 4, 1),
(9, 'tibiacom', 'Report Bug', 'bugtracker', 0, '', 2, 5, 1),
(10, 'tibiacom', 'Characters', 'characters', 0, '', 3, 0, 1),
(11, 'tibiacom', 'Who Is Online?', 'online', 0, '', 3, 1, 1),
(12, 'tibiacom', 'Highscores', 'highscores', 0, '', 3, 2, 1),
(13, 'tibiacom', 'Last Kills', 'lastkills', 0, '', 3, 3, 1),
(14, 'tibiacom', 'Houses', 'houses', 0, '', 3, 4, 1),
(15, 'tibiacom', 'Guilds', 'guilds', 0, '', 3, 5, 1),
(16, 'tibiacom', 'Polls', 'polls', 0, '', 3, 6, 1),
(17, 'tibiacom', 'Bans', 'bans', 0, '', 3, 7, 1),
(18, 'tibiacom', 'Support List', 'team', 0, '', 3, 8, 1),
(19, 'tibiacom', 'Forum', 'forum', 0, '', 4, 0, 1),
(20, 'tibiacom', 'Creatures', 'creatures', 0, '', 5, 0, 1),
(21, 'tibiacom', 'Spells', 'spells', 0, '', 5, 1, 1),
(22, 'tibiacom', 'Commands', 'commands', 0, '', 5, 2, 1),
(23, 'tibiacom', 'Gallery', 'gallery', 0, '', 5, 3, 1),
(24, 'tibiacom', 'Server Info', 'serverInfo', 0, '', 5, 4, 1),
(25, 'tibiacom', 'Experience Table', 'experienceTable', 0, '', 5, 5, 1),
(26, 'tibiacom', 'Current Auctions', 'currentcharactertrades', 0, '', 7, 0, 1),
(27, 'tibiacom', 'Auction History', 'pastcharactertrades', 0, '', 7, 1, 1),
(28, 'tibiacom', 'My Bids', 'ownbids', 0, '', 7, 2, 1),
(29, 'tibiacom', 'My Auctions', 'owncharactertrades', 0, '', 7, 3, 1),
(30, 'tibiacom', 'Create Auction', 'createcharacterauction', 0, '', 7, 4, 1),
(31, 'tibiacom', 'Buy Points', 'points', 0, '', 6, 0, 1),
(32, 'tibiacom', 'Shop Offer', 'gifts', 0, '', 6, 1, 1),
(33, 'tibiacom', 'Shop History', 'gifts/history', 0, '', 6, 2, 1);

-- --------------------------------------------------------

--
-- Estrutura para tabela `myaac_monsters`
--

CREATE TABLE `myaac_monsters` (
  `id` int(11) NOT NULL,
  `hidden` tinyint(1) NOT NULL DEFAULT 0,
  `name` varchar(255) NOT NULL,
  `mana` int(11) NOT NULL DEFAULT 0,
  `exp` int(11) NOT NULL,
  `health` int(11) NOT NULL,
  `speed_lvl` int(11) NOT NULL DEFAULT 1,
  `use_haste` tinyint(1) NOT NULL,
  `voices` text NOT NULL,
  `immunities` varchar(255) NOT NULL,
  `elements` text NOT NULL,
  `summonable` tinyint(1) NOT NULL,
  `convinceable` tinyint(1) NOT NULL,
  `pushable` tinyint(1) NOT NULL DEFAULT 0,
  `canpushitems` tinyint(1) NOT NULL DEFAULT 0,
  `canwalkonenergy` tinyint(1) NOT NULL DEFAULT 0,
  `canwalkonpoison` tinyint(1) NOT NULL DEFAULT 0,
  `canwalkonfire` tinyint(1) NOT NULL DEFAULT 0,
  `runonhealth` tinyint(1) NOT NULL DEFAULT 0,
  `hostile` tinyint(1) NOT NULL DEFAULT 0,
  `attackable` tinyint(1) NOT NULL DEFAULT 0,
  `rewardboss` tinyint(1) NOT NULL DEFAULT 0,
  `defense` int(11) NOT NULL DEFAULT 0,
  `armor` int(11) NOT NULL DEFAULT 0,
  `canpushcreatures` tinyint(1) NOT NULL DEFAULT 0,
  `race` varchar(255) NOT NULL,
  `loot` text NOT NULL,
  `summons` text NOT NULL
) ENGINE=InnoDB DEFAULT CHARSET=utf8 COLLATE=utf8_general_ci;

-- --------------------------------------------------------

--
-- Estrutura para tabela `myaac_news`
--

CREATE TABLE `myaac_news` (
  `id` int(11) NOT NULL,
  `title` varchar(100) NOT NULL,
  `body` text NOT NULL,
  `type` tinyint(1) NOT NULL DEFAULT 0 COMMENT '1 - news, 2 - ticker, 3 - article',
  `date` int(11) NOT NULL DEFAULT 0,
  `category` tinyint(1) NOT NULL DEFAULT 0,
  `player_id` int(11) NOT NULL DEFAULT 0,
  `last_modified_by` int(11) NOT NULL DEFAULT 0,
  `last_modified_date` int(11) NOT NULL DEFAULT 0,
  `comments` varchar(50) NOT NULL DEFAULT '',
  `article_text` varchar(300) NOT NULL DEFAULT '',
  `article_image` varchar(100) NOT NULL DEFAULT '',
  `hidden` tinyint(1) NOT NULL DEFAULT 0
) ENGINE=InnoDB DEFAULT CHARSET=utf8 COLLATE=utf8_general_ci;

--
-- Despejando dados para a tabela `myaac_news`
--

INSERT INTO `myaac_news` (`id`, `title`, `body`, `type`, `date`, `category`, `player_id`, `last_modified_by`, `last_modified_date`, `comments`, `article_text`, `article_image`, `hidden`) VALUES
(1, 'Hello!', 'MyAAC is just READY to use!', 1, 1690305720, 2, 7, 0, 0, 'https://my-aac.org', '', '', 0),
(2, 'Hello tickets!', 'https://my-aac.org', 2, 1690305720, 4, 7, 0, 0, '', '', '', 0);

-- --------------------------------------------------------

--
-- Estrutura para tabela `myaac_news_categories`
--

CREATE TABLE `myaac_news_categories` (
  `id` int(11) NOT NULL,
  `name` varchar(50) NOT NULL DEFAULT '',
  `description` varchar(50) NOT NULL DEFAULT '',
  `icon_id` int(2) NOT NULL DEFAULT 0,
  `hidden` tinyint(1) NOT NULL DEFAULT 0
) ENGINE=InnoDB DEFAULT CHARSET=utf8 COLLATE=utf8_general_ci;

--
-- Despejando dados para a tabela `myaac_news_categories`
--

INSERT INTO `myaac_news_categories` (`id`, `name`, `description`, `icon_id`, `hidden`) VALUES
(1, '', '', 0, 0),
(2, '', '', 1, 0),
(3, '', '', 2, 0),
(4, '', '', 3, 0),
(5, '', '', 4, 0);

-- --------------------------------------------------------

--
-- Estrutura para tabela `myaac_notepad`
--

CREATE TABLE `myaac_notepad` (
  `id` int(11) NOT NULL,
  `account_id` int(11) NOT NULL,
  `content` text NOT NULL
) ENGINE=InnoDB DEFAULT CHARSET=utf8 COLLATE=utf8_general_ci;

-- --------------------------------------------------------

--
-- Estrutura para tabela `myaac_pages`
--

CREATE TABLE `myaac_pages` (
  `id` int(11) NOT NULL,
  `name` varchar(30) NOT NULL,
  `title` varchar(30) NOT NULL,
  `body` text NOT NULL,
  `date` int(11) NOT NULL DEFAULT 0,
  `player_id` int(11) NOT NULL DEFAULT 0,
  `php` tinyint(1) NOT NULL DEFAULT 0 COMMENT '0 - plain html, 1 - php',
  `enable_tinymce` tinyint(1) NOT NULL DEFAULT 1 COMMENT '1 - enabled, 0 - disabled',
  `access` tinyint(2) NOT NULL DEFAULT 0,
  `hidden` tinyint(1) NOT NULL DEFAULT 0
) ENGINE=InnoDB DEFAULT CHARSET=utf8 COLLATE=utf8_general_ci;

--
-- Despejando dados para a tabela `myaac_pages`
--

INSERT INTO `myaac_pages` (`id`, `name`, `title`, `body`, `date`, `player_id`, `php`, `enable_tinymce`, `access`, `hidden`) VALUES
(1, 'downloads', 'Downloads', '<p>&nbsp;</p>\n<p>&nbsp;</p>\n<div style=\"text-align: center;\">We\'re using official Tibia Client <strong>{{ config.client / 100 }}</strong><br />\n<p>Download Tibia Client <strong>{{ config.client / 100 }}</strong>&nbsp;for Windows <a href=\"https://drive.google.com/drive/folders/0B2-sMQkWYzhGSFhGVlY2WGk5czQ\" target=\"_blank\" rel=\"noopener\">HERE</a>.</p>\n<h2>IP Changer:</h2>\n<a href=\"https://static.otland.net/ipchanger.exe\" target=\"_blank\" rel=\"noopener\">HERE</a></div>', 0, 1, 0, 1, 1, 0),
(2, 'commands', 'Commands', '<table style=\"border-collapse: collapse; width: 87.8471%; height: 57px;\" border=\"1\">\n<tbody>\n<tr style=\"height: 18px;\">\n<td style=\"width: 33.3333%; background-color: #505050; height: 18px;\"><span style=\"color: #ffffff;\"><strong>Words</strong></span></td>\n<td style=\"width: 33.3333%; background-color: #505050; height: 18px;\"><span style=\"color: #ffffff;\"><strong>Description</strong></span></td>\n</tr>\n<tr style=\"height: 18px; background-color: #f1e0c6;\">\n<td style=\"width: 33.3333%; height: 18px;\"><em>!example</em></td>\n<td style=\"width: 33.3333%; height: 18px;\">This is just an example</td>\n</tr>\n<tr style=\"height: 18px; background-color: #d4c0a1;\">\n<td style=\"width: 33.3333%; height: 18px;\"><em>!buyhouse</em></td>\n<td style=\"width: 33.3333%; height: 18px;\">Buy house you are looking at</td>\n</tr>\n<tr style=\"height: 18px; background-color: #f1e0c6;\">\n<td style=\"width: 33.3333%; height: 18px;\"><em>!aol</em></td>\n<td style=\"width: 33.3333%; height: 18px;\">Buy AoL</td>\n</tr>\n</tbody>\n</table>', 0, 1, 0, 1, 1, 0),
(3, 'rules_on_the_page', 'Rules', '1. Names\na) Names which contain insulting (e.g. \"Bastard\"), racist (e.g. \"Nigger\"), extremely right-wing (e.g. \"Hitler\"), sexist (e.g. \"Bitch\") or offensive (e.g. \"Copkiller\") language.\nb) Names containing parts of sentences (e.g. \"Mike returns\"), nonsensical combinations of letters (e.g. \"Fgfshdsfg\") or invalid formattings (e.g. \"Thegreatknight\").\nc) Names that obviously do not describe a person (e.g. \"Christmastree\", \"Matrix\"), names of real life celebrities (e.g. \"Britney Spears\"), names that refer to real countries (e.g. \"Swedish Druid\"), names which were created to fake other players\' identities (e.g. \"Arieswer\" instead of \"Arieswar\") or official positions (e.g. \"System Admin\").\n\n2. Cheating\na) Exploiting obvious errors of the game (\"bugs\"), for instance to duplicate items. If you find an error you must report it to CipSoft immediately.\nb) Intentional abuse of weaknesses in the gameplay, for example arranging objects or players in a way that other players cannot move them.\nc) Using tools to automatically perform or repeat certain actions without any interaction by the player (\"macros\").\nd) Manipulating the client program or using additional software to play the game.\ne) Trying to steal other players\' account data (\"hacking\").\nf) Playing on more than one account at the same time (\"multi-clienting\").\ng) Offering account data to other players or accepting other players\' account data (\"account-trading/sharing\").\n\n3. Gamemasters\na) Threatening a gamemaster because of his or her actions or position as a gamemaster.\nb) Pretending to be a gamemaster or to have influence on the decisions of a gamemaster.\nc) Intentionally giving wrong or misleading information to a gamemaster concerning his or her investigations or making false reports about rule violations.\n\n4. Player Killing\na) Excessive killing of characters who are not marked with a \"skull\" on worlds which are not PvP-enforced. Please note that killing marked characters is not a reason for a banishment.\n\nA violation of the Tibia Rules may lead to temporary banishment of characters and accounts. In severe cases removal or modification of character skills, attributes and belongings, as well as the permanent removal of accounts without any compensation may be considered. The sanction is based on the seriousness of the rule violation and the previous record of the player. It is determined by the gamemaster imposing the banishment.\n\nThese rules may be changed at any time. All changes will be announced on the official website.', 0, 1, 0, 0, 1, 0);

-- --------------------------------------------------------

--
-- Estrutura para tabela `myaac_polls`
--

CREATE TABLE `myaac_polls` (
  `id` int(11) NOT NULL,
  `question` varchar(255) NOT NULL,
  `description` varchar(255) NOT NULL,
  `end` int(11) NOT NULL,
  `start` int(11) NOT NULL,
  `answers` int(11) NOT NULL,
  `votes_all` int(11) NOT NULL
) ENGINE=InnoDB DEFAULT CHARSET=utf8 COLLATE=utf8_general_ci;

-- --------------------------------------------------------

--
-- Estrutura para tabela `myaac_polls_answers`
--

CREATE TABLE `myaac_polls_answers` (
  `poll_id` int(11) NOT NULL,
  `answer_id` int(11) NOT NULL,
  `answer` varchar(255) NOT NULL,
  `votes` int(11) NOT NULL
) ENGINE=InnoDB DEFAULT CHARSET=utf8 COLLATE=utf8_general_ci;

-- --------------------------------------------------------

--
-- Estrutura para tabela `myaac_spells`
--

CREATE TABLE `myaac_spells` (
  `id` int(11) NOT NULL,
  `spell` varchar(255) NOT NULL DEFAULT '',
  `name` varchar(255) NOT NULL,
  `words` varchar(255) NOT NULL DEFAULT '',
  `category` tinyint(1) NOT NULL DEFAULT 0 COMMENT '1 - attack, 2 - healing, 3 - summon, 4 - supply, 5 - support',
  `type` tinyint(1) NOT NULL DEFAULT 0 COMMENT '1 - instant, 2 - conjure, 3 - rune',
  `level` int(11) NOT NULL DEFAULT 0,
  `maglevel` int(11) NOT NULL DEFAULT 0,
  `mana` int(11) NOT NULL DEFAULT 0,
  `soul` tinyint(3) NOT NULL DEFAULT 0,
  `conjure_id` int(11) NOT NULL DEFAULT 0,
  `conjure_count` tinyint(3) NOT NULL DEFAULT 0,
  `reagent` int(11) NOT NULL DEFAULT 0,
  `item_id` int(11) NOT NULL DEFAULT 0,
  `premium` tinyint(1) NOT NULL DEFAULT 0,
  `vocations` varchar(100) NOT NULL DEFAULT '',
  `hidden` tinyint(1) NOT NULL DEFAULT 0
) ENGINE=InnoDB DEFAULT CHARSET=utf8 COLLATE=utf8_general_ci;

-- --------------------------------------------------------

--
-- Estrutura para tabela `myaac_videos`
--

CREATE TABLE `myaac_videos` (
  `id` int(11) NOT NULL,
  `title` varchar(100) NOT NULL DEFAULT '',
  `youtube_id` varchar(20) NOT NULL,
  `author` varchar(50) NOT NULL DEFAULT '',
  `ordering` int(11) NOT NULL DEFAULT 0,
  `hidden` tinyint(1) NOT NULL DEFAULT 0
) ENGINE=InnoDB DEFAULT CHARSET=utf8 COLLATE=utf8_general_ci;

-- --------------------------------------------------------

--
-- Estrutura para tabela `myaac_visitors`
--

CREATE TABLE `myaac_visitors` (
  `ip` varchar(45) NOT NULL,
  `lastvisit` int(11) NOT NULL DEFAULT 0,
  `page` varchar(2048) NOT NULL
) ENGINE=InnoDB DEFAULT CHARSET=utf8 COLLATE=utf8_general_ci;

-- --------------------------------------------------------

--
-- Estrutura para tabela `myaac_weapons`
--

CREATE TABLE `myaac_weapons` (
  `id` int(11) NOT NULL,
  `level` int(11) NOT NULL DEFAULT 0,
  `maglevel` int(11) NOT NULL DEFAULT 0,
  `vocations` varchar(100) NOT NULL DEFAULT ''
) ENGINE=InnoDB DEFAULT CHARSET=utf8 COLLATE=utf8_general_ci;

-- --------------------------------------------------------

--
-- Estrutura para tabela `players`
--

CREATE TABLE `players` (
  `id` int(11) NOT NULL,
  `name` varchar(255) NOT NULL,
  `group_id` int(11) NOT NULL DEFAULT 1,
  `account_id` int(11) UNSIGNED NOT NULL DEFAULT 0,
  `level` int(11) NOT NULL DEFAULT 1,
  `vocation` int(11) NOT NULL DEFAULT 0,
  `health` int(11) NOT NULL DEFAULT 150,
  `healthmax` int(11) NOT NULL DEFAULT 150,
  `experience` bigint(20) NOT NULL DEFAULT 0,
  `lookbody` int(11) NOT NULL DEFAULT 0,
  `lookfeet` int(11) NOT NULL DEFAULT 0,
  `lookhead` int(11) NOT NULL DEFAULT 0,
  `looklegs` int(11) NOT NULL DEFAULT 0,
  `looktype` int(11) NOT NULL DEFAULT 136,
  `lookaddons` int(11) NOT NULL DEFAULT 0,
  `maglevel` int(11) NOT NULL DEFAULT 0,
  `mana` int(11) NOT NULL DEFAULT 0,
  `manamax` int(11) NOT NULL DEFAULT 0,
  `manaspent` bigint(20) UNSIGNED NOT NULL DEFAULT 0,
  `soul` int(10) UNSIGNED NOT NULL DEFAULT 0,
  `town_id` int(11) NOT NULL DEFAULT 1,
  `posx` int(11) NOT NULL DEFAULT 0,
  `posy` int(11) NOT NULL DEFAULT 0,
  `posz` int(11) NOT NULL DEFAULT 0,
  `conditions` blob NOT NULL,
  `cap` int(11) NOT NULL DEFAULT 0,
  `sex` int(11) NOT NULL DEFAULT 0,
  `lastlogin` bigint(20) UNSIGNED NOT NULL DEFAULT 0,
  `lastip` int(10) UNSIGNED NOT NULL DEFAULT 0,
  `save` tinyint(1) NOT NULL DEFAULT 1,
  `skull` tinyint(1) NOT NULL DEFAULT 0,
  `skulltime` bigint(20) NOT NULL DEFAULT 0,
  `lastlogout` bigint(20) UNSIGNED NOT NULL DEFAULT 0,
  `blessings` tinyint(2) NOT NULL DEFAULT 0,
  `blessings1` tinyint(4) NOT NULL DEFAULT 0,
  `blessings2` tinyint(4) NOT NULL DEFAULT 0,
  `blessings3` tinyint(4) NOT NULL DEFAULT 0,
  `blessings4` tinyint(4) NOT NULL DEFAULT 0,
  `blessings5` tinyint(4) NOT NULL DEFAULT 0,
  `blessings6` tinyint(4) NOT NULL DEFAULT 0,
  `blessings7` tinyint(4) NOT NULL DEFAULT 0,
  `blessings8` tinyint(4) NOT NULL DEFAULT 0,
  `onlinetime` int(11) NOT NULL DEFAULT 0,
  `deletion` bigint(15) NOT NULL DEFAULT 0,
  `balance` bigint(20) UNSIGNED NOT NULL DEFAULT 0,
  `offlinetraining_time` smallint(5) UNSIGNED NOT NULL DEFAULT 43200,
  `offlinetraining_skill` tinyint(2) NOT NULL DEFAULT -1,
  `stamina` smallint(5) UNSIGNED NOT NULL DEFAULT 2520,
  `skill_fist` int(10) UNSIGNED NOT NULL DEFAULT 10,
  `skill_fist_tries` bigint(20) UNSIGNED NOT NULL DEFAULT 0,
  `skill_club` int(10) UNSIGNED NOT NULL DEFAULT 10,
  `skill_club_tries` bigint(20) UNSIGNED NOT NULL DEFAULT 0,
  `skill_sword` int(10) UNSIGNED NOT NULL DEFAULT 10,
  `skill_sword_tries` bigint(20) UNSIGNED NOT NULL DEFAULT 0,
  `skill_axe` int(10) UNSIGNED NOT NULL DEFAULT 10,
  `skill_axe_tries` bigint(20) UNSIGNED NOT NULL DEFAULT 0,
  `skill_dist` int(10) UNSIGNED NOT NULL DEFAULT 10,
  `skill_dist_tries` bigint(20) UNSIGNED NOT NULL DEFAULT 0,
  `skill_shielding` int(10) UNSIGNED NOT NULL DEFAULT 10,
  `skill_shielding_tries` bigint(20) UNSIGNED NOT NULL DEFAULT 0,
  `skill_fishing` int(10) UNSIGNED NOT NULL DEFAULT 10,
  `skill_fishing_tries` bigint(20) UNSIGNED NOT NULL DEFAULT 0,
  `skill_critical_hit_chance` int(10) UNSIGNED NOT NULL DEFAULT 0,
  `skill_critical_hit_chance_tries` bigint(20) UNSIGNED NOT NULL DEFAULT 0,
  `skill_critical_hit_damage` int(10) UNSIGNED NOT NULL DEFAULT 0,
  `skill_critical_hit_damage_tries` bigint(20) UNSIGNED NOT NULL DEFAULT 0,
  `skill_life_leech_chance` int(10) UNSIGNED NOT NULL DEFAULT 0,
  `skill_life_leech_chance_tries` bigint(20) UNSIGNED NOT NULL DEFAULT 0,
  `skill_life_leech_amount` int(10) UNSIGNED NOT NULL DEFAULT 0,
  `skill_life_leech_amount_tries` bigint(20) UNSIGNED NOT NULL DEFAULT 0,
  `skill_mana_leech_chance` int(10) UNSIGNED NOT NULL DEFAULT 0,
  `skill_mana_leech_chance_tries` bigint(20) UNSIGNED NOT NULL DEFAULT 0,
  `skill_mana_leech_amount` int(10) UNSIGNED NOT NULL DEFAULT 0,
  `skill_mana_leech_amount_tries` bigint(20) UNSIGNED NOT NULL DEFAULT 0,
  `skill_criticalhit_chance` bigint(20) UNSIGNED NOT NULL DEFAULT 0,
  `skill_criticalhit_damage` bigint(20) UNSIGNED NOT NULL DEFAULT 0,
  `skill_lifeleech_chance` bigint(20) UNSIGNED NOT NULL DEFAULT 0,
  `skill_lifeleech_amount` bigint(20) UNSIGNED NOT NULL DEFAULT 0,
  `skill_manaleech_chance` bigint(20) UNSIGNED NOT NULL DEFAULT 0,
  `skill_manaleech_amount` bigint(20) UNSIGNED NOT NULL DEFAULT 0,
  `manashield` smallint(5) UNSIGNED NOT NULL DEFAULT 0,
  `max_manashield` smallint(5) UNSIGNED NOT NULL DEFAULT 0,
  `xpboost_stamina` smallint(5) DEFAULT NULL,
  `xpboost_value` tinyint(4) DEFAULT NULL,
  `marriage_status` bigint(20) UNSIGNED NOT NULL DEFAULT 0,
  `marriage_spouse` int(11) NOT NULL DEFAULT -1,
  `bonus_rerolls` bigint(21) NOT NULL DEFAULT 0,
  `prey_wildcard` bigint(21) NOT NULL DEFAULT 0,
  `task_points` bigint(21) NOT NULL DEFAULT 0,
  `quickloot_fallback` tinyint(1) DEFAULT 0,
  `lookmountbody` tinyint(3) UNSIGNED NOT NULL DEFAULT 0,
  `lookmountfeet` tinyint(3) UNSIGNED NOT NULL DEFAULT 0,
  `lookmounthead` tinyint(3) UNSIGNED NOT NULL DEFAULT 0,
  `lookmountlegs` tinyint(3) UNSIGNED NOT NULL DEFAULT 0,
  `lookfamiliarstype` int(11) UNSIGNED NOT NULL DEFAULT 0,
  `isreward` tinyint(1) NOT NULL DEFAULT 1,
  `istutorial` tinyint(1) NOT NULL DEFAULT 0,
  `ismain` tinyint(1) NOT NULL DEFAULT 0,
  `forge_dusts` bigint(21) NOT NULL DEFAULT 0,
  `forge_dust_level` bigint(21) NOT NULL DEFAULT 100,
  `randomize_mount` tinyint(1) NOT NULL DEFAULT 0,
  `boss_points` int(11) NOT NULL DEFAULT 0,
  `created` int(11) NOT NULL DEFAULT 0,
  `hidden` tinyint(1) NOT NULL DEFAULT 0,
  `comment` text NOT NULL,
  `guild_time_accept` int(11) NOT NULL DEFAULT 0
) ENGINE=InnoDB DEFAULT CHARSET=utf8 COLLATE=utf8_general_ci;

--
-- Despejando dados para a tabela `players`
--

INSERT INTO `players` (`id`, `name`, `group_id`, `account_id`, `level`, `vocation`, `health`, `healthmax`, `experience`, `lookbody`, `lookfeet`, `lookhead`, `looklegs`, `looktype`, `lookaddons`, `maglevel`, `mana`, `manamax`, `manaspent`, `soul`, `town_id`, `posx`, `posy`, `posz`, `conditions`, `cap`, `sex`, `lastlogin`, `lastip`, `save`, `skull`, `skulltime`, `lastlogout`, `blessings`, `blessings1`, `blessings2`, `blessings3`, `blessings4`, `blessings5`, `blessings6`, `blessings7`, `blessings8`, `onlinetime`, `deletion`, `balance`, `offlinetraining_time`, `offlinetraining_skill`, `stamina`, `skill_fist`, `skill_fist_tries`, `skill_club`, `skill_club_tries`, `skill_sword`, `skill_sword_tries`, `skill_axe`, `skill_axe_tries`, `skill_dist`, `skill_dist_tries`, `skill_shielding`, `skill_shielding_tries`, `skill_fishing`, `skill_fishing_tries`, `skill_critical_hit_chance`, `skill_critical_hit_chance_tries`, `skill_critical_hit_damage`, `skill_critical_hit_damage_tries`, `skill_life_leech_chance`, `skill_life_leech_chance_tries`, `skill_life_leech_amount`, `skill_life_leech_amount_tries`, `skill_mana_leech_chance`, `skill_mana_leech_chance_tries`, `skill_mana_leech_amount`, `skill_mana_leech_amount_tries`, `skill_criticalhit_chance`, `skill_criticalhit_damage`, `skill_lifeleech_chance`, `skill_lifeleech_amount`, `skill_manaleech_chance`, `skill_manaleech_amount`, `manashield`, `max_manashield`, `xpboost_stamina`, `xpboost_value`, `marriage_status`, `marriage_spouse`, `bonus_rerolls`, `prey_wildcard`, `task_points`, `quickloot_fallback`, `lookmountbody`, `lookmountfeet`, `lookmounthead`, `lookmountlegs`, `lookfamiliarstype`, `isreward`, `istutorial`, `ismain`, `forge_dusts`, `forge_dust_level`, `randomize_mount`, `boss_points`, `created`, `hidden`, `comment`, `guild_time_accept`) VALUES
(1, 'Rook Sample', 1, 1, 2, 0, 155, 155, 100, 113, 115, 95, 39, 129, 0, 2, 60, 60, 5936, 0, 2, 17645, 17693, 5, '', 410, 1, 1693521509, 2979069834, 1, 0, 0, 1693521510, 0, 0, 1, 1, 1, 1, 1, 0, 0, 1, 0, 0, 43200, -1, 2520, 10, 0, 12, 155, 12, 155, 12, 155, 12, 93, 10, 0, 10, 0, 0, 0, 0, 0, 0, 0, 0, 0, 0, 0, 0, 0, 0, 0, 0, 0, 0, 0, 0, 0, 0, 0, 0, -1, 0, 0, 0, 0, 0, 0, 0, 0, 0, 1, 0, 0, 0, 100, 0, 0, 0, 0, '', 0),
(2, 'Sorcerer Sample', 1, 1, 8, 1, 185, 185, 4200, 113, 115, 95, 39, 129, 0, 0, 90, 90, 0, 0, 2, 17646, 17693, 5, '', 470, 1, 1693525605, 2979069834, 1, 0, 0, 1693525606, 0, 0, 1, 1, 1, 1, 1, 0, 0, 2246, 0, 0, 43200, -1, 2520, 10, 0, 10, 0, 10, 0, 10, 0, 10, 0, 10, 0, 10, 0, 0, 0, 0, 0, 0, 0, 0, 0, 0, 0, 0, 0, 0, 0, 0, 0, 0, 0, 0, 0, 0, 0, 0, -1, 0, 0, 0, 0, 0, 0, 0, 0, 0, 1, 0, 0, 0, 100, 0, 0, 0, 0, '', 0),
(3, 'Druid Sample', 1, 1, 8, 2, 185, 185, 4200, 113, 115, 95, 39, 129, 0, 0, 90, 90, 0, 0, 2, 17645, 17692, 5, '', 470, 1, 1693525619, 2979069834, 1, 0, 0, 1693525622, 0, 0, 1, 1, 1, 1, 1, 0, 0, 1693521967, 0, 0, 43200, -1, 2520, 10, 0, 10, 0, 10, 0, 10, 0, 10, 0, 10, 0, 10, 0, 0, 0, 0, 0, 0, 0, 0, 0, 0, 0, 0, 0, 0, 0, 0, 0, 0, 0, 0, 0, 0, 0, 0, -1, 0, 0, 0, 0, 0, 0, 0, 0, 0, 1, 0, 0, 0, 100, 0, 0, 0, 0, '', 0),
(4, 'Paladin Sample', 1, 1, 8, 3, 185, 185, 4200, 113, 115, 95, 39, 129, 0, 0, 90, 90, 0, 0, 2, 17646, 17693, 5, '', 470, 1, 1693525608, 2979069834, 1, 0, 0, 1693525609, 0, 0, 1, 1, 1, 1, 1, 0, 0, 1693521682, 0, 0, 43200, -1, 2520, 10, 0, 10, 0, 10, 0, 10, 0, 10, 0, 10, 0, 10, 0, 0, 0, 0, 0, 0, 0, 0, 0, 0, 0, 0, 0, 0, 0, 0, 0, 0, 0, 0, 0, 0, 0, 0, -1, 0, 0, 0, 0, 0, 0, 0, 0, 0, 1, 0, 0, 0, 100, 0, 0, 0, 0, '', 0),
(5, 'Knight Sample', 1, 1, 8, 4, 185, 185, 4200, 113, 115, 95, 39, 129, 0, 0, 90, 90, 0, 0, 2, 17644, 17694, 5, '', 470, 1, 1693525614, 2979069834, 1, 0, 0, 1693525615, 0, 0, 1, 1, 1, 1, 1, 0, 0, 1693521624, 0, 0, 43200, -1, 2520, 10, 0, 10, 0, 10, 0, 10, 0, 10, 0, 10, 0, 10, 0, 0, 0, 0, 0, 0, 0, 0, 0, 0, 0, 0, 0, 0, 0, 0, 0, 0, 0, 0, 0, 0, 0, 0, -1, 0, 0, 0, 0, 0, 0, 0, 0, 0, 1, 0, 0, 0, 100, 0, 0, 0, 0, '', 0),
(6, 'GOD', 6, 3, 100, 0, 645, 645, 15694800, 113, 115, 95, 39, 75, 0, 0, 550, 550, 0, 0, 1, 17623, 17694, 6, '', 1390, 1, 1693523414, 2979069834, 1, 0, 0, 1693523412, 0, 0, 1, 1, 1, 1, 1, 0, 0, 32849, 0, 0, 43200, -1, 2520, 10, 0, 10, 0, 10, 0, 10, 0, 10, 0, 10, 0, 10, 0, 0, 0, 0, 0, 0, 0, 0, 0, 0, 0, 0, 0, 0, 0, 0, 0, 0, 0, 0, 0, 0, 0, 0, -1, 0, 0, 0, 0, 0, 0, 0, 0, 0, 1, 0, 0, 0, 100, 0, 0, 0, 0, '', 0),
(7, 'Tony', 6, 2, 53, 0, 360, 360, 2215200, 10, 10, 10, 10, 75, 0, 0, 360, 360, 0, 0, 1, 17578, 17568, 6, '', 520, 0, 1693444815, 1212757182, 1, 0, 0, 1693445127, 0, 0, 1, 1, 1, 1, 1, 0, 0, 1709629684, 0, 20000, 43200, -1, 2520, 0, 0, 0, 0, 0, 0, 0, 0, 0, 0, 0, 0, 0, 0, 0, 0, 0, 0, 0, 0, 0, 0, 0, 0, 0, 0, 0, 0, 0, 0, 0, 0, 0, 0, 0, 0, 0, -1, 0, 0, 0, 0, 0, 0, 0, 0, 0, 1, 0, 0, 0, 100, 0, 0, 1690305720, 0, '', 0),
(8, 'Tester', 1, 2, 8, 5, 7034, 7450, 4200, 113, 115, 95, 39, 129, 0, 33, 37795, 43680, 9415, 0, 1, 17579, 17570, 6, '', 470, 1, 1693445127, 1212757182, 1, 0, 0, 1693446940, 0, 0, 1, 1, 1, 1, 1, 0, 0, 1695133509, 0, 0, 43200, -1, 2520, 56, 180, 10, 0, 10, 0, 10, 0, 10, 0, 10, 0, 10, 0, 0, 0, 0, 0, 0, 0, 0, 0, 0, 0, 0, 0, 0, 0, 0, 0, 0, 0, 0, 0, 0, 0, 0, -1, 0, 0, 0, 0, 0, 0, 0, 0, 994, 1, 0, 0, 0, 100, 0, 0, 1690307127, 0, '', 0),
(9, 'Flacko', 1, 3, 89, 5, 81670, 80070, 11275850, 113, 115, 95, 39, 128, 0, 74, 480020, 480900, 1301628, 150, 1, 17577, 17569, 6, 0x010902000000000308bd03001b001c000000001f00001e000010d7000000110600000012e803000013e2f00000fe011b02ffffffff03208735001b001c0a0100001f00001e0000fe, 1280, 1, 1693443278, 9502602, 1, 0, 0, 1693447344, 0, 0, 1, 1, 1, 1, 1, 0, 0, 176104, 0, 68, 43200, -1, 2498, 13, 83, 10, 0, 10, 0, 10, 0, 10, 0, 17, 154, 10, 0, 0, 0, 0, 0, 0, 0, 0, 0, 0, 0, 0, 0, 0, 0, 0, 0, 0, 0, 0, 0, 0, 0, 0, -1, 0, 0, 0, 0, 0, 0, 0, 0, 994, 1, 0, 1, 0, 100, 0, 0, 1690307749, 0, '', 0),
(12, 'Flackaa', 1, 3, 8, 1, 185, 185, 4200, 113, 115, 95, 39, 136, 0, 0, 90, 90, 0, 0, 1, 17636, 17694, 7, '', 470, 0, 1693520901, 2979069834, 1, 0, 0, 1693520975, 0, 0, 1, 1, 1, 1, 1, 0, 0, 74, 0, 0, 43200, -1, 2520, 10, 0, 10, 0, 10, 0, 10, 0, 10, 0, 10, 0, 10, 0, 0, 0, 0, 0, 0, 0, 0, 0, 0, 0, 0, 0, 0, 0, 0, 0, 0, 0, 0, 0, 0, 0, 0, -1, 0, 0, 0, 0, 0, 0, 0, 0, 0, 1, 0, 0, 0, 100, 0, 0, 1693444858, 0, '', 0);

--
-- Gatilhos `players`
--
DELIMITER $$
CREATE TRIGGER `ondelete_players` BEFORE DELETE ON `players` FOR EACH ROW BEGIN
        UPDATE `houses` SET `owner` = 0 WHERE `owner` = OLD.`id`;
END
$$
DELIMITER ;

-- --------------------------------------------------------

--
-- Estrutura para tabela `players_online`
--

CREATE TABLE `players_online` (
  `player_id` int(11) NOT NULL
) ENGINE=MEMORY DEFAULT CHARSET=utf8 COLLATE=utf8_general_ci;

--
-- Despejando dados para a tabela `players_online`
--

INSERT INTO `players_online` (`player_id`) VALUES
(6);

-- --------------------------------------------------------

--
-- Estrutura para tabela `player_bosstiary`
--

CREATE TABLE `player_bosstiary` (
  `player_id` int(11) NOT NULL,
  `bossIdSlotOne` int(11) NOT NULL DEFAULT 0,
  `bossIdSlotTwo` int(11) NOT NULL DEFAULT 0,
  `removeTimes` int(11) NOT NULL DEFAULT 1,
  `tracker` blob NOT NULL
) ENGINE=InnoDB DEFAULT CHARSET=utf8 COLLATE=utf8_general_ci;

--
-- Despejando dados para a tabela `player_bosstiary`
--

INSERT INTO `player_bosstiary` (`player_id`, `bossIdSlotOne`, `bossIdSlotTwo`, `removeTimes`, `tracker`) VALUES
(7, 0, 0, 1, ''),
(8, 0, 0, 1, ''),
(9, 0, 0, 1, ''),
(12, 0, 0, 1, ''),
(1, 0, 0, 1, ''),
(6, 0, 0, 1, ''),
(2, 0, 0, 1, ''),
(4, 0, 0, 1, ''),
(5, 0, 0, 1, ''),
(3, 0, 0, 1, '');

-- --------------------------------------------------------

--
-- Estrutura para tabela `player_charms`
--

CREATE TABLE `player_charms` (
  `player_guid` int(250) NOT NULL,
  `charm_points` varchar(250) DEFAULT NULL,
  `charm_expansion` tinyint(1) DEFAULT NULL,
  `rune_wound` int(250) DEFAULT NULL,
  `rune_enflame` int(250) DEFAULT NULL,
  `rune_poison` int(250) DEFAULT NULL,
  `rune_freeze` int(250) DEFAULT NULL,
  `rune_zap` int(250) DEFAULT NULL,
  `rune_curse` int(250) DEFAULT NULL,
  `rune_cripple` int(250) DEFAULT NULL,
  `rune_parry` int(250) DEFAULT NULL,
  `rune_dodge` int(250) DEFAULT NULL,
  `rune_adrenaline` int(250) DEFAULT NULL,
  `rune_numb` int(250) DEFAULT NULL,
  `rune_cleanse` int(250) DEFAULT NULL,
  `rune_bless` int(250) DEFAULT NULL,
  `rune_scavenge` int(250) DEFAULT NULL,
  `rune_gut` int(250) DEFAULT NULL,
  `rune_low_blow` int(250) DEFAULT NULL,
  `rune_divine` int(250) DEFAULT NULL,
  `rune_vamp` int(250) DEFAULT NULL,
  `rune_void` int(250) DEFAULT NULL,
  `UsedRunesBit` varchar(250) DEFAULT NULL,
  `UnlockedRunesBit` varchar(250) DEFAULT NULL,
  `tracker list` blob DEFAULT NULL
) ENGINE=InnoDB DEFAULT CHARSET=utf8 COLLATE=utf8_general_ci;

--
-- Despejando dados para a tabela `player_charms`
--

INSERT INTO `player_charms` (`player_guid`, `charm_points`, `charm_expansion`, `rune_wound`, `rune_enflame`, `rune_poison`, `rune_freeze`, `rune_zap`, `rune_curse`, `rune_cripple`, `rune_parry`, `rune_dodge`, `rune_adrenaline`, `rune_numb`, `rune_cleanse`, `rune_bless`, `rune_scavenge`, `rune_gut`, `rune_low_blow`, `rune_divine`, `rune_vamp`, `rune_void`, `UsedRunesBit`, `UnlockedRunesBit`, `tracker list`) VALUES
(7, '0', 0, 0, 0, 0, 0, 0, 0, 0, 0, 0, 0, 0, 0, 0, 0, 0, 0, 0, 0, 0, '0', '0', ''),
(8, '0', 0, 0, 0, 0, 0, 0, 0, 0, 0, 0, 0, 0, 0, 0, 0, 0, 0, 0, 0, 0, '0', '0', ''),
(9, '0', 0, 0, 0, 0, 0, 0, 0, 0, 0, 0, 0, 0, 0, 0, 0, 0, 0, 0, 0, 0, '0', '0', ''),
(6, '0', 0, 0, 0, 0, 0, 0, 0, 0, 0, 0, 0, 0, 0, 0, 0, 0, 0, 0, 0, 0, '0', '0', ''),
(12, '0', 0, 0, 0, 0, 0, 0, 0, 0, 0, 0, 0, 0, 0, 0, 0, 0, 0, 0, 0, 0, '0', '0', ''),
(3, '0', 0, 0, 0, 0, 0, 0, 0, 0, 0, 0, 0, 0, 0, 0, 0, 0, 0, 0, 0, 0, '0', '0', ''),
(5, '0', 0, 0, 0, 0, 0, 0, 0, 0, 0, 0, 0, 0, 0, 0, 0, 0, 0, 0, 0, 0, '0', '0', ''),
(4, '0', 0, 0, 0, 0, 0, 0, 0, 0, 0, 0, 0, 0, 0, 0, 0, 0, 0, 0, 0, 0, '0', '0', ''),
(1, '0', 0, 0, 0, 0, 0, 0, 0, 0, 0, 0, 0, 0, 0, 0, 0, 0, 0, 0, 0, 0, '0', '0', ''),
(2, '0', 0, 0, 0, 0, 0, 0, 0, 0, 0, 0, 0, 0, 0, 0, 0, 0, 0, 0, 0, 0, '0', '0', '');

-- --------------------------------------------------------

--
-- Estrutura para tabela `player_deaths`
--

CREATE TABLE `player_deaths` (
  `player_id` int(11) NOT NULL,
  `time` bigint(20) UNSIGNED NOT NULL DEFAULT 0,
  `level` int(11) NOT NULL DEFAULT 1,
  `killed_by` varchar(255) NOT NULL,
  `is_player` tinyint(1) NOT NULL DEFAULT 1,
  `mostdamage_by` varchar(100) NOT NULL,
  `mostdamage_is_player` tinyint(1) NOT NULL DEFAULT 0,
  `unjustified` tinyint(1) NOT NULL DEFAULT 0,
  `mostdamage_unjustified` tinyint(1) NOT NULL DEFAULT 0
) ENGINE=InnoDB DEFAULT CHARSET=utf8 COLLATE=utf8_general_ci;

-- --------------------------------------------------------

--
-- Estrutura para tabela `player_depotitems`
--

CREATE TABLE `player_depotitems` (
  `player_id` int(11) NOT NULL,
  `sid` int(11) NOT NULL COMMENT 'any given range eg 0-100 will be reserved for depot lockers and all > 100 will be then normal items inside depots',
  `pid` int(11) NOT NULL DEFAULT 0,
  `itemtype` int(11) NOT NULL DEFAULT 0,
  `count` int(11) NOT NULL DEFAULT 0,
  `attributes` blob NOT NULL
) ENGINE=InnoDB DEFAULT CHARSET=utf8 COLLATE=utf8_general_ci;

-- --------------------------------------------------------

--
-- Estrutura para tabela `player_hirelings`
--

CREATE TABLE `player_hirelings` (
  `id` int(11) NOT NULL,
  `player_id` int(11) NOT NULL,
  `name` varchar(255) DEFAULT NULL,
  `active` tinyint(3) UNSIGNED NOT NULL DEFAULT 0,
  `sex` tinyint(3) UNSIGNED NOT NULL DEFAULT 0,
  `posx` int(11) NOT NULL DEFAULT 0,
  `posy` int(11) NOT NULL DEFAULT 0,
  `posz` int(11) NOT NULL DEFAULT 0,
  `lookbody` int(11) NOT NULL DEFAULT 0,
  `lookfeet` int(11) NOT NULL DEFAULT 0,
  `lookhead` int(11) NOT NULL DEFAULT 0,
  `looklegs` int(11) NOT NULL DEFAULT 0,
  `looktype` int(11) NOT NULL DEFAULT 136
) ENGINE=InnoDB DEFAULT CHARSET=utf8 COLLATE=utf8_general_ci;

-- --------------------------------------------------------

--
-- Estrutura para tabela `player_inboxitems`
--

CREATE TABLE `player_inboxitems` (
  `player_id` int(11) NOT NULL,
  `sid` int(11) NOT NULL,
  `pid` int(11) NOT NULL DEFAULT 0,
  `itemtype` int(11) NOT NULL DEFAULT 0,
  `count` int(11) NOT NULL DEFAULT 0,
  `attributes` blob NOT NULL
) ENGINE=InnoDB DEFAULT CHARSET=utf8 COLLATE=utf8_general_ci;

-- --------------------------------------------------------

--
-- Estrutura para tabela `player_items`
--

CREATE TABLE `player_items` (
  `player_id` int(11) NOT NULL DEFAULT 0,
  `pid` int(11) NOT NULL DEFAULT 0,
  `sid` int(11) NOT NULL DEFAULT 0,
  `itemtype` int(11) NOT NULL DEFAULT 0,
  `count` int(11) NOT NULL DEFAULT 0,
  `attributes` blob NOT NULL
) ENGINE=InnoDB DEFAULT CHARSET=utf8 COLLATE=utf8_general_ci;

--
-- Despejando dados para a tabela `player_items`
--

INSERT INTO `player_items` (`player_id`, `pid`, `sid`, `itemtype`, `count`, `attributes`) VALUES
(1, 11, 101, 23396, 1, ''),
(2, 1, 101, 7992, 1, ''),
(2, 3, 102, 2854, 1, 0x24012600000080),
(2, 4, 103, 7991, 1, ''),
(2, 5, 104, 3059, 1, ''),
(2, 6, 105, 3074, 1, ''),
(2, 7, 106, 3559, 1, ''),
(2, 8, 107, 3552, 1, ''),
(2, 10, 108, 2920, 1, ''),
(2, 11, 109, 23396, 1, ''),
(2, 102, 110, 266, 20, 0x0f14),
(2, 102, 111, 268, 20, 0x0f14),
(2, 102, 112, 3003, 1, ''),
(2, 102, 113, 3457, 1, ''),
(3, 1, 101, 7992, 1, ''),
(3, 3, 102, 2854, 1, 0x24012600000080),
(3, 4, 103, 7991, 1, ''),
(3, 5, 104, 3059, 1, ''),
(3, 6, 105, 3066, 1, ''),
(3, 7, 106, 3559, 1, ''),
(3, 8, 107, 3552, 1, ''),
(3, 10, 108, 2920, 1, ''),
(3, 11, 109, 23396, 1, ''),
(3, 102, 110, 266, 20, 0x0f14),
(3, 102, 111, 268, 20, 0x0f14),
(3, 102, 112, 3003, 1, ''),
(3, 102, 113, 3457, 1, ''),
(4, 1, 101, 3355, 1, ''),
(4, 3, 102, 2854, 1, 0x24012600000080),
(4, 4, 103, 3571, 1, ''),
(4, 5, 104, 35562, 1, ''),
(4, 6, 105, 3350, 1, ''),
(4, 7, 106, 8095, 1, ''),
(4, 8, 107, 3552, 1, ''),
(4, 10, 108, 2920, 1, ''),
(4, 11, 109, 23396, 1, ''),
(4, 102, 110, 266, 20, 0x0f14),
(4, 102, 111, 268, 20, 0x0f14),
(4, 102, 112, 3447, 100, 0x0f64),
(4, 102, 113, 3277, 1, 0x0f01),
(4, 102, 114, 3003, 1, ''),
(4, 102, 115, 3457, 1, ''),
(5, 1, 101, 3375, 1, ''),
(5, 3, 102, 2854, 1, 0x24012600000080),
(5, 4, 103, 3359, 1, ''),
(5, 5, 104, 3409, 1, ''),
(5, 6, 105, 7774, 1, ''),
(5, 7, 106, 3372, 1, ''),
(5, 8, 107, 3552, 1, ''),
(5, 10, 108, 2920, 1, ''),
(5, 11, 109, 23396, 1, ''),
(5, 102, 110, 268, 10, 0x0f0a),
(5, 102, 111, 266, 10, 0x0f0a),
(5, 102, 112, 3003, 1, ''),
(5, 102, 113, 3457, 1, ''),
(5, 102, 114, 7773, 1, ''),
(5, 102, 115, 17824, 1, ''),
(6, 3, 101, 2854, 1, 0x24012600000080),
(6, 10, 102, 2920, 1, ''),
(6, 11, 103, 23396, 1, ''),
(6, 101, 104, 30006, 1, ''),
(6, 101, 105, 30006, 1, ''),
(6, 101, 106, 30006, 1, ''),
(6, 101, 107, 3031, 3, 0x0f03),
(6, 101, 108, 3003, 1, ''),
(7, 3, 101, 2854, 1, 0x24022600000080),
(7, 6, 102, 3308, 1, ''),
(7, 10, 103, 2920, 1, ''),
(7, 11, 104, 23396, 1, 0x2401),
(7, 101, 105, 3043, 2, 0x0f02),
(7, 101, 106, 3456, 1, ''),
(7, 101, 107, 3457, 1, ''),
(7, 101, 108, 30006, 1, ''),
(7, 101, 109, 43735, 1, ''),
(7, 101, 110, 43734, 1, ''),
(7, 101, 111, 2854, 1, ''),
(7, 101, 112, 3031, 3, 0x0f03),
(7, 101, 113, 3003, 1, ''),
(7, 111, 114, 3031, 3, 0x0f03),
(7, 111, 115, 3003, 1, ''),
(8, 3, 101, 2854, 1, 0x24002600000080),
(8, 10, 102, 2920, 1, ''),
(8, 11, 103, 23396, 1, 0x2401),
(8, 101, 104, 3031, 6, 0x0f06),
(8, 101, 105, 3043, 98, 0x0f62),
(8, 101, 106, 2854, 1, ''),
(8, 101, 107, 3003, 1, ''),
(8, 103, 108, 35284, 8000, 0x16401f046400),
(8, 103, 109, 35284, 7933, 0x16fd1e046400),
(8, 106, 110, 3003, 1, ''),
(9, 1, 101, 7992, 1, ''),
(9, 3, 102, 2854, 1, 0x24032600000080),
(9, 4, 103, 7991, 1, ''),
(9, 5, 104, 3059, 1, ''),
(9, 6, 105, 3074, 1, ''),
(9, 7, 106, 3559, 1, ''),
(9, 8, 107, 3552, 1, ''),
(9, 10, 108, 2920, 1, ''),
(9, 11, 109, 23396, 1, 0x2402),
(9, 102, 110, 285, 10, 0x0f0a),
(9, 102, 111, 3155, 50, 0x0f32),
(9, 102, 112, 3155, 100, 0x0f64),
(9, 102, 113, 2854, 1, 0x2400),
(9, 102, 114, 268, 76, 0x0f4c),
(9, 102, 115, 3003, 1, ''),
(9, 109, 116, 35284, 2180, 0x168408046400),
(12, 3, 101, 2854, 1, 0x2401),
(12, 10, 102, 2920, 1, ''),
(12, 11, 103, 23396, 1, ''),
(12, 101, 104, 3031, 3, 0x0f03),
(12, 101, 105, 3003, 1, '');

-- --------------------------------------------------------

--
-- Estrutura para tabela `player_kills`
--

CREATE TABLE `player_kills` (
  `player_id` int(11) NOT NULL,
  `time` bigint(20) UNSIGNED NOT NULL DEFAULT 0,
  `target` int(11) NOT NULL,
  `unavenged` tinyint(1) NOT NULL DEFAULT 0
) ENGINE=InnoDB DEFAULT CHARSET=utf8 COLLATE=utf8_general_ci;

-- --------------------------------------------------------

--
-- Estrutura para tabela `player_misc`
--

CREATE TABLE `player_misc` (
  `player_id` int(11) NOT NULL,
  `info` blob NOT NULL
) ENGINE=InnoDB DEFAULT CHARSET=utf8 COLLATE=utf8_general_ci;

--
-- Despejando dados para a tabela `player_misc`
--

INSERT INTO `player_misc` (`player_id`, `info`) VALUES
(7, 0x7b7d),
(8, 0x7b7d),
(9, 0x7b7d),
(6, 0x7b7d),
(12, 0x7b7d);

-- --------------------------------------------------------

--
-- Estrutura para tabela `player_namelocks`
--

CREATE TABLE `player_namelocks` (
  `player_id` int(11) NOT NULL,
  `reason` varchar(255) NOT NULL,
  `namelocked_at` bigint(20) NOT NULL,
  `namelocked_by` int(11) NOT NULL
) ENGINE=InnoDB DEFAULT CHARSET=utf8 COLLATE=utf8_general_ci;

-- --------------------------------------------------------

--
-- Estrutura para tabela `player_prey`
--

CREATE TABLE `player_prey` (
  `player_id` int(11) NOT NULL,
  `slot` tinyint(1) NOT NULL,
  `state` tinyint(1) NOT NULL,
  `raceid` varchar(250) NOT NULL,
  `option` tinyint(1) NOT NULL,
  `bonus_type` tinyint(1) NOT NULL,
  `bonus_rarity` tinyint(1) NOT NULL,
  `bonus_percentage` varchar(250) NOT NULL,
  `bonus_time` varchar(250) NOT NULL,
  `free_reroll` bigint(20) NOT NULL,
  `monster_list` blob DEFAULT NULL
) ENGINE=InnoDB DEFAULT CHARSET=utf8 COLLATE=utf8_general_ci;

--
-- Despejando dados para a tabela `player_prey`
--

INSERT INTO `player_prey` (`player_id`, `slot`, `state`, `raceid`, `option`, `bonus_type`, `bonus_rarity`, `bonus_percentage`, `bonus_time`, `free_reroll`, `monster_list`) VALUES
(1, 0, 3, '0', 0, 0, 5, '25', '0', 1693593509618, 0x8b0621062b011b006602d30072005b036503),
(1, 1, 0, '0', 0, 0, 2, '16', '0', 1693593509621, ''),
(1, 2, 0, '0', 0, 3, 8, '34', '0', 1693593509621, ''),
(2, 0, 3, '0', 0, 3, 7, '31', '0', 1693593520633, 0x24004401720009008d06c502a102d8001400),
(2, 1, 0, '0', 0, 0, 3, '19', '0', 1693593520637, ''),
(2, 2, 0, '0', 0, 1, 6, '28', '0', 1693593520637, ''),
(3, 0, 3, '0', 0, 3, 6, '28', '0', 1693593243445, 0xd2030802de084f01cd012f006f0679015202),
(3, 1, 0, '0', 0, 3, 9, '37', '0', 1693593243450, ''),
(3, 2, 0, '0', 0, 1, 3, '19', '0', 1693593243450, ''),
(4, 0, 3, '0', 0, 3, 10, '40', '0', 1693593424352, 0xe2054c043e003b0876009d05f70008002400),
(4, 1, 0, '0', 0, 0, 3, '19', '0', 1693593424355, ''),
(4, 2, 0, '0', 0, 0, 3, '19', '0', 1693593424355, ''),
(5, 0, 3, '0', 0, 1, 9, '37', '0', 1693593420584, 0x180324099503150109030c06520204003300),
(5, 1, 0, '0', 0, 2, 6, '28', '0', 1693593420586, ''),
(5, 2, 0, '0', 0, 0, 3, '19', '0', 1693593420586, ''),
(6, 0, 3, '0', 0, 1, 2, '16', '0', 1691520997510, 0x3f012a01e20881012908db02190087076f02),
(6, 1, 3, '0', 0, 1, 8, '34', '0', 1691520997514, 0x6005330212001c00b501b9062b020c012400),
(6, 2, 0, '0', 0, 0, 2, '16', '0', 1691520997516, ''),
(7, 0, 3, '0', 0, 1, 10, '40', '0', 1690378606457, 0x4300b70258075c04d001dc022301e1057b00),
(7, 1, 3, '0', 0, 1, 10, '40', '0', 1690378606463, 0x6d00f70339004f0037002b09330298031703),
(7, 2, 0, '0', 0, 3, 10, '40', '0', 1690378606467, ''),
(8, 0, 3, '0', 0, 3, 3, '19', '0', 1690379136844, 0xf5035e0095031f01cd013500b50175003e00),
(8, 1, 3, '0', 0, 3, 9, '37', '0', 1690379136846, ''),
(8, 2, 0, '0', 0, 3, 2, '16', '0', 1690379136846, ''),
(9, 0, 3, '0', 0, 1, 8, '34', '0', 1691255848978, 0x85064100e30530023e01be020b0008064f01),
(9, 1, 3, '0', 0, 3, 7, '31', '0', 1691255848982, ''),
(9, 2, 0, '0', 0, 1, 6, '28', '0', 1691255848982, ''),
(12, 0, 3, '0', 0, 1, 9, '37', '0', 1693592901909, 0x3d0817006d024300070279044101fc056902),
(12, 1, 3, '0', 0, 1, 7, '31', '0', 1693592901916, 0x9803fc00df0554067400f900c8020700b607),
(12, 2, 0, '0', 0, 3, 8, '34', '0', 1693592901919, '');

-- --------------------------------------------------------

--
-- Estrutura para tabela `player_rewards`
--

CREATE TABLE `player_rewards` (
  `player_id` int(11) NOT NULL,
  `sid` int(11) NOT NULL,
  `pid` int(11) NOT NULL DEFAULT 0,
  `itemtype` int(11) NOT NULL DEFAULT 0,
  `count` int(11) NOT NULL DEFAULT 0,
  `attributes` blob NOT NULL
) ENGINE=InnoDB DEFAULT CHARSET=utf8 COLLATE=utf8_general_ci;

-- --------------------------------------------------------

--
-- Estrutura para tabela `player_spells`
--

CREATE TABLE `player_spells` (
  `player_id` int(11) NOT NULL,
  `name` varchar(255) NOT NULL
) ENGINE=InnoDB DEFAULT CHARSET=utf8 COLLATE=utf8_general_ci;

--
-- Despejando dados para a tabela `player_spells`
--

INSERT INTO `player_spells` (`player_id`, `name`) VALUES
(9, 'Avatar of Storm'),
(9, 'Drain_Body_Spells'),
(9, 'Energy Wave'),
(9, 'Eternal Winter'),
(9, 'Great Death Beam'),
(9, 'Great Fire Wave'),
(9, 'Hell\'s Core'),
(9, 'Magic Shield'),
(9, 'Rage of the Skies'),
(9, 'Sap Strength'),
(9, 'Wrath of Nature');

-- --------------------------------------------------------

--
-- Estrutura para tabela `player_stash`
--

CREATE TABLE `player_stash` (
  `player_id` int(16) NOT NULL,
  `item_id` int(16) NOT NULL,
  `item_count` int(32) NOT NULL
) ENGINE=InnoDB DEFAULT CHARSET=utf8 COLLATE=utf8_general_ci;

-- --------------------------------------------------------

--
-- Estrutura para tabela `player_storage`
--

CREATE TABLE `player_storage` (
  `player_id` int(11) NOT NULL DEFAULT 0,
  `key` int(10) UNSIGNED NOT NULL DEFAULT 0,
  `value` int(11) NOT NULL DEFAULT 0
) ENGINE=InnoDB DEFAULT CHARSET=utf8 COLLATE=utf8_general_ci;

--
-- Despejando dados para a tabela `player_storage`
--

INSERT INTO `player_storage` (`player_id`, `key`, `value`) VALUES
(1, 17101, 0),
(1, 30029, 0),
(2, 0, 1693524549),
(2, 17101, 0),
(2, 30029, 0),
(3, 0, 1693524526),
(3, 17101, 0),
(3, 30029, 0),
(4, 0, 1693524741),
(4, 17101, 0),
(4, 30029, 0),
(5, 0, 1693524962),
(5, 17101, 0),
(5, 30029, 0),
(6, 40, 1),
(6, 1150, 1),
(6, 13413, 1693454700),
(6, 13414, 9),
(6, 14898, 0),
(6, 17101, 0),
(6, 30023, 1),
(6, 30029, 0),
(6, 30058, 1),
(6, 46564, 1),
(6, 112550, 0),
(6, 150001, 1),
(7, 0, 1693263373),
(7, 1150, 1),
(7, 13413, 1693368300),
(7, 13414, 8),
(7, 14898, 0),
(7, 14903, 0),
(7, 15000, 30),
(7, 17101, 0),
(7, 20067, 2),
(7, 30008, 0),
(7, 30023, 0),
(7, 30029, 0),
(7, 30058, 1),
(7, 38412, 0),
(7, 46564, 1),
(7, 112550, 0),
(8, 0, 1693262874),
(8, 500, 1),
(8, 13413, 1693368300),
(8, 13414, 8),
(8, 14898, 0),
(8, 14903, 0),
(8, 17101, 0),
(8, 30000, 1691457320),
(8, 30018, 1),
(8, 30023, 1),
(8, 30026, 1690309459),
(8, 30029, 0),
(8, 30058, 1),
(8, 30063, 1),
(8, 112550, 0),
(9, 0, 1693263381),
(9, 40, 1),
(9, 500, 6),
(9, 1150, 1),
(9, 13413, 1693368300),
(9, 13414, 8),
(9, 14898, 0),
(9, 14903, 0),
(9, 15000, 60),
(9, 17101, 0),
(9, 20000, 1),
(9, 20067, 45),
(9, 30000, 1693247267),
(9, 30018, 1),
(9, 30023, 1),
(9, 30026, 1693444574),
(9, 30029, 0),
(9, 30058, 1),
(9, 38412, 43),
(9, 112550, 0),
(9, 150001, 1),
(9, 10002001, 4096),
(9, 10002011, 13),
(9, 10003001, 65142784),
(9, 61305022, 38),
(9, 61305026, 63),
(9, 61305034, 116),
(9, 61305035, 2),
(9, 61305069, 22),
(9, 61305071, 18),
(9, 61305213, 2),
(9, 61305219, 18),
(9, 61305268, 2),
(9, 61305523, 10),
(9, 61307256, 14),
(9, 61307257, 14),
(12, 13413, 1693454700),
(12, 13414, 9),
(12, 14898, 0),
(12, 14903, 1),
(12, 17101, 0),
(12, 30023, 0),
(12, 30029, 0),
(12, 30058, 1),
(12, 150001, 1);

-- --------------------------------------------------------

--
-- Estrutura para tabela `player_taskhunt`
--

CREATE TABLE `player_taskhunt` (
  `player_id` int(11) NOT NULL,
  `slot` tinyint(1) NOT NULL,
  `state` tinyint(1) NOT NULL,
  `raceid` varchar(250) NOT NULL,
  `upgrade` tinyint(1) NOT NULL,
  `rarity` tinyint(1) NOT NULL,
  `kills` varchar(250) NOT NULL,
  `disabled_time` bigint(20) NOT NULL,
  `free_reroll` bigint(20) NOT NULL,
  `monster_list` blob DEFAULT NULL
) ENGINE=InnoDB DEFAULT CHARSET=utf8 COLLATE=utf8_general_ci;

--
-- Despejando dados para a tabela `player_taskhunt`
--

INSERT INTO `player_taskhunt` (`player_id`, `slot`, `state`, `raceid`, `upgrade`, `rarity`, `kills`, `disabled_time`, `free_reroll`, `monster_list`) VALUES
(1, 0, 2, '0', 0, 1, '0', 0, 1693593509621, 0xfb05d1089d0587051b001b03b502f6014f01),
(1, 1, 0, '0', 0, 1, '0', 0, 1693593509623, ''),
(1, 2, 0, '0', 0, 1, '0', 0, 1693593509623, ''),
(2, 0, 2, '0', 0, 1, '0', 0, 1693593520637, 0xf200740106026506e102c8016702c9014d04),
(2, 1, 0, '0', 0, 1, '0', 0, 1693593520641, ''),
(2, 2, 0, '0', 0, 1, '0', 0, 1693593520641, ''),
(3, 0, 2, '0', 0, 1, '0', 0, 1693593243450, 0x60055f04d0017b03b502ae07e3021b037305),
(3, 1, 0, '0', 0, 1, '0', 0, 1693593243453, ''),
(3, 2, 0, '0', 0, 1, '0', 0, 1693593243453, ''),
(4, 0, 2, '0', 0, 1, '0', 0, 1693593424355, 0xfd03da00740390037904440082033600db08),
(4, 1, 0, '0', 0, 1, '0', 0, 1693593424359, ''),
(4, 2, 0, '0', 0, 1, '0', 0, 1693593424359, ''),
(5, 0, 2, '0', 0, 1, '0', 0, 1693593420586, 0x1a016a0008037b002b01cf0178024c049604),
(5, 1, 0, '0', 0, 1, '0', 0, 1693593420589, ''),
(5, 2, 0, '0', 0, 1, '0', 0, 1693593420589, ''),
(6, 0, 2, '0', 0, 1, '0', 0, 1691520997516, 0x3d0077065c04ae074c0085063a0040009c03),
(6, 1, 2, '0', 0, 1, '0', 0, 1691520997519, 0xe905d101dc000f002d080f0276002c020b02),
(6, 2, 0, '0', 0, 1, '0', 0, 1691520997521, ''),
(7, 0, 2, '0', 0, 1, '0', 0, 1690378606467, 0x9503db08ba0253004202cf02130093077302),
(7, 1, 2, '0', 0, 1, '0', 0, 1690378606471, 0x6005700012007102520282014401d4021c00),
(7, 2, 0, '0', 0, 1, '0', 0, 1690378606475, ''),
(8, 0, 2, '0', 0, 1, '0', 0, 1690379136846, 0x4502fe031502fb002b008a074c0021015100),
(8, 1, 2, '0', 0, 1, '0', 0, 1690379136851, ''),
(8, 2, 0, '0', 0, 1, '0', 0, 1690379136851, ''),
(9, 0, 2, '0', 0, 1, '0', 0, 1691255848982, 0x3b08e10260047302550408031d020e040a03),
(9, 1, 2, '0', 0, 1, '0', 0, 1691255848985, ''),
(9, 2, 0, '0', 0, 1, '0', 0, 1691255848985, ''),
(12, 0, 2, '0', 0, 1, '0', 0, 1693592901919, 0x0c02220119073e007a044d00df083e013000),
(12, 1, 2, '0', 0, 1, '0', 0, 1693592901921, 0x770651007e0348002c0009020e02d7002301),
(12, 2, 0, '0', 0, 1, '0', 0, 1693592901923, '');

-- --------------------------------------------------------

--
-- Estrutura para tabela `player_wheeldata`
--

CREATE TABLE `player_wheeldata` (
  `player_id` int(11) NOT NULL,
  `slot` blob NOT NULL
) ENGINE=InnoDB DEFAULT CHARSET=utf8 COLLATE=utf8_general_ci;

--
-- Despejando dados para a tabela `player_wheeldata`
--

INSERT INTO `player_wheeldata` (`player_id`, `slot`) VALUES
(8, 0x04640005960006c8000a4b000b64000c9600103200114b00126400),
(9, 0x01c80002960003640004640005960006c800079600086400094b000a4b000b64000c96000d64000e4b000f3200103200114b00126400136400144b00153200163200174b001864001996001a64001b4b001c4b001d64001e96001fc80020960021640022640023960024c800);

-- --------------------------------------------------------

--
-- Estrutura para tabela `server_config`
--

CREATE TABLE `server_config` (
  `config` varchar(50) NOT NULL,
  `value` varchar(256) NOT NULL DEFAULT '',
  `timestamp` timestamp NOT NULL DEFAULT current_timestamp() ON UPDATE current_timestamp()
) ENGINE=InnoDB DEFAULT CHARSET=utf8 COLLATE=utf8_general_ci;

--
-- Despejando dados para a tabela `server_config`
--

INSERT INTO `server_config` (`config`, `value`, `timestamp`) VALUES
('db_version', '36', '2023-08-26 14:00:25'),
('motd_hash', '89339ab7899769dcef67d702f8ba9134f3fb8663', '2023-07-25 17:50:40'),
('motd_num', '1', '2023-07-25 17:50:40'),
('players_record', '3', '2023-08-30 23:46:28');

-- --------------------------------------------------------

--
-- Estrutura para tabela `store_history`
--

CREATE TABLE `store_history` (
  `id` int(11) NOT NULL,
  `account_id` int(11) UNSIGNED NOT NULL,
  `mode` smallint(2) NOT NULL DEFAULT 0,
  `description` varchar(3500) NOT NULL,
  `coin_type` tinyint(1) NOT NULL DEFAULT 0,
  `coin_amount` int(12) NOT NULL,
  `time` bigint(20) UNSIGNED NOT NULL,
  `timestamp` int(11) NOT NULL DEFAULT 0,
  `coins` int(11) NOT NULL DEFAULT 0
) ENGINE=InnoDB DEFAULT CHARSET=utf8 COLLATE=utf8_general_ci;

-- --------------------------------------------------------

--
-- Estrutura para tabela `tile_store`
--

CREATE TABLE `tile_store` (
  `house_id` int(11) NOT NULL,
  `data` longblob NOT NULL
) ENGINE=InnoDB DEFAULT CHARSET=utf8 COLLATE=utf8_general_ci;

--
-- Despejando dados para a tabela `tile_store`
--

INSERT INTO `tile_store` (`house_id`, `data`) VALUES
(1, 0xa944b1440601000000de4f00),
(1, 0xa844b4440501000000de4f00);

-- --------------------------------------------------------

--
-- Estrutura para tabela `towns`
--

CREATE TABLE `towns` (
  `id` int(11) NOT NULL,
  `name` varchar(255) NOT NULL,
  `posx` int(11) NOT NULL DEFAULT 0,
  `posy` int(11) NOT NULL DEFAULT 0,
  `posz` int(11) NOT NULL DEFAULT 0
) ENGINE=InnoDB DEFAULT CHARSET=utf8 COLLATE=utf8_general_ci;

--
-- Despejando dados para a tabela `towns`
--

INSERT INTO `towns` (`id`, `name`, `posx`, `posy`, `posz`) VALUES
(1, 'Phoenix City', 17563, 17566, 6),
(2, 'Newbie Phoenix', 17645, 17693, 5),
(3, 'Issavi', 18268, 18350, 5),
(4, 'Phoenix Castle', 17610, 17372, 7);

-- --------------------------------------------------------

--
-- Estrutura para tabela `z_polls`
--

CREATE TABLE `z_polls` (
  `id` int(11) NOT NULL,
  `question` varchar(255) NOT NULL,
  `description` varchar(255) NOT NULL,
  `end` int(11) NOT NULL DEFAULT 0,
  `start` int(11) NOT NULL DEFAULT 0,
  `answers` int(11) NOT NULL DEFAULT 0,
  `votes_all` int(11) NOT NULL DEFAULT 0
) ENGINE=InnoDB DEFAULT CHARSET=utf8 COLLATE=utf8_general_ci;

-- --------------------------------------------------------

--
-- Estrutura para tabela `z_polls_answers`
--

CREATE TABLE `z_polls_answers` (
  `poll_id` int(11) NOT NULL,
  `answer_id` int(11) NOT NULL,
  `answer` varchar(255) NOT NULL,
  `votes` int(11) NOT NULL DEFAULT 0
) ENGINE=InnoDB DEFAULT CHARSET=utf8 COLLATE=utf8_general_ci;

--
-- Índices de tabelas apagadas
--

--
-- Índices de tabela `accounts`
--
ALTER TABLE `accounts`
  ADD PRIMARY KEY (`id`),
  ADD UNIQUE KEY `accounts_unique` (`name`);

--
-- Índices de tabela `account_bans`
--
ALTER TABLE `account_bans`
  ADD PRIMARY KEY (`account_id`),
  ADD KEY `banned_by` (`banned_by`);

--
-- Índices de tabela `account_ban_history`
--
ALTER TABLE `account_ban_history`
  ADD PRIMARY KEY (`id`),
  ADD KEY `account_id` (`account_id`),
  ADD KEY `banned_by` (`banned_by`);

--
-- Índices de tabela `account_sessions`
--
ALTER TABLE `account_sessions`
  ADD PRIMARY KEY (`id`);

--
-- Índices de tabela `account_viplist`
--
ALTER TABLE `account_viplist`
  ADD UNIQUE KEY `account_viplist_unique` (`account_id`,`player_id`),
  ADD KEY `account_id` (`account_id`),
  ADD KEY `player_id` (`player_id`);

--
-- Índices de tabela `boosted_boss`
--
ALTER TABLE `boosted_boss`
  ADD PRIMARY KEY (`date`);

--
-- Índices de tabela `boosted_creature`
--
ALTER TABLE `boosted_creature`
  ADD PRIMARY KEY (`date`);

--
-- Índices de tabela `coins_transactions`
--
ALTER TABLE `coins_transactions`
  ADD PRIMARY KEY (`id`),
  ADD KEY `account_id` (`account_id`);

--
-- Índices de tabela `daily_reward_history`
--
ALTER TABLE `daily_reward_history`
  ADD PRIMARY KEY (`id`),
  ADD KEY `player_id` (`player_id`);

--
-- Índices de tabela `forge_history`
--
ALTER TABLE `forge_history`
  ADD PRIMARY KEY (`id`),
  ADD KEY `player_id` (`player_id`);

--
-- Índices de tabela `global_storage`
--
ALTER TABLE `global_storage`
  ADD UNIQUE KEY `global_storage_unique` (`key`);

--
-- Índices de tabela `guilds`
--
ALTER TABLE `guilds`
  ADD PRIMARY KEY (`id`),
  ADD UNIQUE KEY `guilds_name_unique` (`name`),
  ADD UNIQUE KEY `guilds_owner_unique` (`ownerid`);

--
-- Índices de tabela `guildwar_kills`
--
ALTER TABLE `guildwar_kills`
  ADD PRIMARY KEY (`id`),
  ADD UNIQUE KEY `guildwar_kills_unique` (`warid`),
  ADD KEY `warid` (`warid`);

--
-- Índices de tabela `guild_invites`
--
ALTER TABLE `guild_invites`
  ADD PRIMARY KEY (`player_id`,`guild_id`),
  ADD KEY `guild_id` (`guild_id`);

--
-- Índices de tabela `guild_membership`
--
ALTER TABLE `guild_membership`
  ADD PRIMARY KEY (`player_id`),
  ADD KEY `guild_id` (`guild_id`),
  ADD KEY `rank_id` (`rank_id`);

--
-- Índices de tabela `guild_ranks`
--
ALTER TABLE `guild_ranks`
  ADD PRIMARY KEY (`id`),
  ADD KEY `guild_id` (`guild_id`);

--
-- Índices de tabela `guild_wars`
--
ALTER TABLE `guild_wars`
  ADD PRIMARY KEY (`id`),
  ADD KEY `guild1` (`guild1`),
  ADD KEY `guild2` (`guild2`);

--
-- Índices de tabela `houses`
--
ALTER TABLE `houses`
  ADD PRIMARY KEY (`id`),
  ADD KEY `owner` (`owner`),
  ADD KEY `town_id` (`town_id`);

--
-- Índices de tabela `house_lists`
--
ALTER TABLE `house_lists`
  ADD KEY `house_id` (`house_id`);

--
-- Índices de tabela `ip_bans`
--
ALTER TABLE `ip_bans`
  ADD PRIMARY KEY (`ip`),
  ADD KEY `banned_by` (`banned_by`);

--
-- Índices de tabela `market_history`
--
ALTER TABLE `market_history`
  ADD PRIMARY KEY (`id`),
  ADD KEY `player_id` (`player_id`,`sale`);

--
-- Índices de tabela `market_offers`
--
ALTER TABLE `market_offers`
  ADD PRIMARY KEY (`id`),
  ADD KEY `sale` (`sale`,`itemtype`),
  ADD KEY `created` (`created`),
  ADD KEY `player_id` (`player_id`);

--
-- Índices de tabela `myaac_account_actions`
--
ALTER TABLE `myaac_account_actions`
  ADD KEY `account_id` (`account_id`);

--
-- Índices de tabela `myaac_admin_menu`
--
ALTER TABLE `myaac_admin_menu`
  ADD PRIMARY KEY (`id`);

--
-- Índices de tabela `myaac_bugtracker`
--
ALTER TABLE `myaac_bugtracker`
  ADD PRIMARY KEY (`uid`);

--
-- Índices de tabela `myaac_changelog`
--
ALTER TABLE `myaac_changelog`
  ADD PRIMARY KEY (`id`);

--
-- Índices de tabela `myaac_charbazaar`
--
ALTER TABLE `myaac_charbazaar`
  ADD PRIMARY KEY (`id`);

--
-- Índices de tabela `myaac_charbazaar_bid`
--
ALTER TABLE `myaac_charbazaar_bid`
  ADD PRIMARY KEY (`id`);

--
-- Índices de tabela `myaac_config`
--
ALTER TABLE `myaac_config`
  ADD PRIMARY KEY (`id`),
  ADD UNIQUE KEY `name` (`name`);

--
-- Índices de tabela `myaac_faq`
--
ALTER TABLE `myaac_faq`
  ADD PRIMARY KEY (`id`);

--
-- Índices de tabela `myaac_forum`
--
ALTER TABLE `myaac_forum`
  ADD PRIMARY KEY (`id`),
  ADD KEY `section` (`section`);

--
-- Índices de tabela `myaac_forum_boards`
--
ALTER TABLE `myaac_forum_boards`
  ADD PRIMARY KEY (`id`);

--
-- Índices de tabela `myaac_gallery`
--
ALTER TABLE `myaac_gallery`
  ADD PRIMARY KEY (`id`);

--
-- Índices de tabela `myaac_menu`
--
ALTER TABLE `myaac_menu`
  ADD PRIMARY KEY (`id`);

--
-- Índices de tabela `myaac_monsters`
--
ALTER TABLE `myaac_monsters`
  ADD PRIMARY KEY (`id`);

--
-- Índices de tabela `myaac_news`
--
ALTER TABLE `myaac_news`
  ADD PRIMARY KEY (`id`);

--
-- Índices de tabela `myaac_news_categories`
--
ALTER TABLE `myaac_news_categories`
  ADD PRIMARY KEY (`id`);

--
-- Índices de tabela `myaac_notepad`
--
ALTER TABLE `myaac_notepad`
  ADD PRIMARY KEY (`id`);

--
-- Índices de tabela `myaac_pages`
--
ALTER TABLE `myaac_pages`
  ADD PRIMARY KEY (`id`),
  ADD UNIQUE KEY `name` (`name`);

--
-- Índices de tabela `myaac_polls`
--
ALTER TABLE `myaac_polls`
  ADD PRIMARY KEY (`id`);

--
-- Índices de tabela `myaac_spells`
--
ALTER TABLE `myaac_spells`
  ADD PRIMARY KEY (`id`),
  ADD UNIQUE KEY `name` (`name`);

--
-- Índices de tabela `myaac_videos`
--
ALTER TABLE `myaac_videos`
  ADD PRIMARY KEY (`id`);

--
-- Índices de tabela `myaac_visitors`
--
ALTER TABLE `myaac_visitors`
  ADD UNIQUE KEY `ip` (`ip`);

--
-- Índices de tabela `myaac_weapons`
--
ALTER TABLE `myaac_weapons`
  ADD PRIMARY KEY (`id`);

--
-- Índices de tabela `players`
--
ALTER TABLE `players`
  ADD PRIMARY KEY (`id`),
  ADD UNIQUE KEY `players_unique` (`name`),
  ADD KEY `account_id` (`account_id`),
  ADD KEY `vocation` (`vocation`);

--
-- Índices de tabela `players_online`
--
ALTER TABLE `players_online`
  ADD PRIMARY KEY (`player_id`);

--
-- Índices de tabela `player_deaths`
--
ALTER TABLE `player_deaths`
  ADD KEY `player_id` (`player_id`),
  ADD KEY `killed_by` (`killed_by`),
  ADD KEY `mostdamage_by` (`mostdamage_by`);

--
-- Índices de tabela `player_depotitems`
--
ALTER TABLE `player_depotitems`
  ADD UNIQUE KEY `player_depotitems_unique` (`player_id`,`sid`);

--
-- Índices de tabela `player_hirelings`
--
ALTER TABLE `player_hirelings`
  ADD PRIMARY KEY (`id`),
  ADD KEY `player_id` (`player_id`);

--
-- Índices de tabela `player_inboxitems`
--
ALTER TABLE `player_inboxitems`
  ADD UNIQUE KEY `player_inboxitems_unique` (`player_id`,`sid`);

--
-- Índices de tabela `player_items`
--
ALTER TABLE `player_items`
  ADD PRIMARY KEY (`player_id`,`sid`),
  ADD KEY `player_id` (`player_id`),
  ADD KEY `sid` (`sid`);

--
-- Índices de tabela `player_namelocks`
--
ALTER TABLE `player_namelocks`
  ADD UNIQUE KEY `player_namelocks_unique` (`player_id`),
  ADD KEY `namelocked_by` (`namelocked_by`);

--
-- Índices de tabela `player_prey`
--
ALTER TABLE `player_prey`
  ADD PRIMARY KEY (`player_id`,`slot`);

--
-- Índices de tabela `player_rewards`
--
ALTER TABLE `player_rewards`
  ADD UNIQUE KEY `player_rewards_unique` (`player_id`,`sid`);

--
-- Índices de tabela `player_spells`
--
ALTER TABLE `player_spells`
  ADD PRIMARY KEY (`player_id`,`name`),
  ADD KEY `player_id` (`player_id`);

--
-- Índices de tabela `player_stash`
--
ALTER TABLE `player_stash`
  ADD PRIMARY KEY (`player_id`,`item_id`);

--
-- Índices de tabela `player_storage`
--
ALTER TABLE `player_storage`
  ADD PRIMARY KEY (`player_id`,`key`);

--
-- Índices de tabela `player_taskhunt`
--
ALTER TABLE `player_taskhunt`
  ADD PRIMARY KEY (`player_id`,`slot`);

--
-- Índices de tabela `player_wheeldata`
--
ALTER TABLE `player_wheeldata`
  ADD PRIMARY KEY (`player_id`),
  ADD KEY `player_id` (`player_id`);

--
-- Índices de tabela `server_config`
--
ALTER TABLE `server_config`
  ADD PRIMARY KEY (`config`);

--
-- Índices de tabela `store_history`
--
ALTER TABLE `store_history`
  ADD PRIMARY KEY (`id`),
  ADD KEY `account_id` (`account_id`);

--
-- Índices de tabela `tile_store`
--
ALTER TABLE `tile_store`
  ADD KEY `house_id` (`house_id`);

--
-- Índices de tabela `towns`
--
ALTER TABLE `towns`
  ADD PRIMARY KEY (`id`),
  ADD UNIQUE KEY `name` (`name`);

--
-- Índices de tabela `z_polls`
--
ALTER TABLE `z_polls`
  ADD PRIMARY KEY (`id`);

--
-- AUTO_INCREMENT de tabelas apagadas
--

--
-- AUTO_INCREMENT de tabela `accounts`
--
ALTER TABLE `accounts`
  MODIFY `id` int(11) UNSIGNED NOT NULL AUTO_INCREMENT, AUTO_INCREMENT=6;

--
-- AUTO_INCREMENT de tabela `account_ban_history`
--
ALTER TABLE `account_ban_history`
  MODIFY `id` int(11) NOT NULL AUTO_INCREMENT;

--
-- AUTO_INCREMENT de tabela `coins_transactions`
--
ALTER TABLE `coins_transactions`
  MODIFY `id` int(11) UNSIGNED NOT NULL AUTO_INCREMENT;

--
-- AUTO_INCREMENT de tabela `daily_reward_history`
--
ALTER TABLE `daily_reward_history`
  MODIFY `id` int(11) NOT NULL AUTO_INCREMENT;

--
-- AUTO_INCREMENT de tabela `forge_history`
--
ALTER TABLE `forge_history`
  MODIFY `id` int(11) NOT NULL AUTO_INCREMENT;

--
-- AUTO_INCREMENT de tabela `guilds`
--
ALTER TABLE `guilds`
  MODIFY `id` int(11) NOT NULL AUTO_INCREMENT, AUTO_INCREMENT=3;

--
-- AUTO_INCREMENT de tabela `guildwar_kills`
--
ALTER TABLE `guildwar_kills`
  MODIFY `id` int(11) NOT NULL AUTO_INCREMENT;

--
-- AUTO_INCREMENT de tabela `guild_ranks`
--
ALTER TABLE `guild_ranks`
  MODIFY `id` int(11) NOT NULL AUTO_INCREMENT, AUTO_INCREMENT=7;

--
-- AUTO_INCREMENT de tabela `guild_wars`
--
ALTER TABLE `guild_wars`
  MODIFY `id` int(11) NOT NULL AUTO_INCREMENT;

--
-- AUTO_INCREMENT de tabela `houses`
--
ALTER TABLE `houses`
  MODIFY `id` int(11) NOT NULL AUTO_INCREMENT, AUTO_INCREMENT=3224;

--
-- AUTO_INCREMENT de tabela `market_history`
--
ALTER TABLE `market_history`
  MODIFY `id` int(11) NOT NULL AUTO_INCREMENT;

--
-- AUTO_INCREMENT de tabela `market_offers`
--
ALTER TABLE `market_offers`
  MODIFY `id` int(11) NOT NULL AUTO_INCREMENT;

--
-- AUTO_INCREMENT de tabela `myaac_admin_menu`
--
ALTER TABLE `myaac_admin_menu`
  MODIFY `id` int(11) NOT NULL AUTO_INCREMENT;

--
-- AUTO_INCREMENT de tabela `myaac_bugtracker`
--
ALTER TABLE `myaac_bugtracker`
  MODIFY `uid` int(11) NOT NULL AUTO_INCREMENT;

--
-- AUTO_INCREMENT de tabela `myaac_changelog`
--
ALTER TABLE `myaac_changelog`
  MODIFY `id` int(11) NOT NULL AUTO_INCREMENT, AUTO_INCREMENT=2;

--
-- AUTO_INCREMENT de tabela `myaac_charbazaar`
--
ALTER TABLE `myaac_charbazaar`
  MODIFY `id` int(11) NOT NULL AUTO_INCREMENT;

--
-- AUTO_INCREMENT de tabela `myaac_charbazaar_bid`
--
ALTER TABLE `myaac_charbazaar_bid`
  MODIFY `id` int(11) NOT NULL AUTO_INCREMENT;

--
-- AUTO_INCREMENT de tabela `myaac_config`
--
ALTER TABLE `myaac_config`
  MODIFY `id` int(11) NOT NULL AUTO_INCREMENT, AUTO_INCREMENT=19;

--
-- AUTO_INCREMENT de tabela `myaac_faq`
--
ALTER TABLE `myaac_faq`
  MODIFY `id` int(11) NOT NULL AUTO_INCREMENT;

--
-- AUTO_INCREMENT de tabela `myaac_forum`
--
ALTER TABLE `myaac_forum`
  MODIFY `id` int(11) NOT NULL AUTO_INCREMENT;

--
-- AUTO_INCREMENT de tabela `myaac_forum_boards`
--
ALTER TABLE `myaac_forum_boards`
  MODIFY `id` int(11) NOT NULL AUTO_INCREMENT, AUTO_INCREMENT=6;

--
-- AUTO_INCREMENT de tabela `myaac_gallery`
--
ALTER TABLE `myaac_gallery`
  MODIFY `id` int(11) NOT NULL AUTO_INCREMENT, AUTO_INCREMENT=2;

--
-- AUTO_INCREMENT de tabela `myaac_menu`
--
ALTER TABLE `myaac_menu`
  MODIFY `id` int(11) NOT NULL AUTO_INCREMENT, AUTO_INCREMENT=34;

--
-- AUTO_INCREMENT de tabela `myaac_monsters`
--
ALTER TABLE `myaac_monsters`
  MODIFY `id` int(11) NOT NULL AUTO_INCREMENT;

--
-- AUTO_INCREMENT de tabela `myaac_news`
--
ALTER TABLE `myaac_news`
  MODIFY `id` int(11) NOT NULL AUTO_INCREMENT, AUTO_INCREMENT=3;

--
-- AUTO_INCREMENT de tabela `myaac_news_categories`
--
ALTER TABLE `myaac_news_categories`
  MODIFY `id` int(11) NOT NULL AUTO_INCREMENT, AUTO_INCREMENT=6;

--
-- AUTO_INCREMENT de tabela `myaac_notepad`
--
ALTER TABLE `myaac_notepad`
  MODIFY `id` int(11) NOT NULL AUTO_INCREMENT;

--
-- AUTO_INCREMENT de tabela `myaac_pages`
--
ALTER TABLE `myaac_pages`
  MODIFY `id` int(11) NOT NULL AUTO_INCREMENT, AUTO_INCREMENT=4;

--
-- AUTO_INCREMENT de tabela `myaac_spells`
--
ALTER TABLE `myaac_spells`
  MODIFY `id` int(11) NOT NULL AUTO_INCREMENT;

--
-- AUTO_INCREMENT de tabela `myaac_videos`
--
ALTER TABLE `myaac_videos`
  MODIFY `id` int(11) NOT NULL AUTO_INCREMENT;

--
-- AUTO_INCREMENT de tabela `players`
--
ALTER TABLE `players`
  MODIFY `id` int(11) NOT NULL AUTO_INCREMENT, AUTO_INCREMENT=13;

--
-- AUTO_INCREMENT de tabela `player_hirelings`
--
ALTER TABLE `player_hirelings`
  MODIFY `id` int(11) NOT NULL AUTO_INCREMENT;

--
-- AUTO_INCREMENT de tabela `store_history`
--
ALTER TABLE `store_history`
  MODIFY `id` int(11) NOT NULL AUTO_INCREMENT;

--
-- AUTO_INCREMENT de tabela `towns`
--
ALTER TABLE `towns`
  MODIFY `id` int(11) NOT NULL AUTO_INCREMENT, AUTO_INCREMENT=5;

--
-- AUTO_INCREMENT de tabela `z_polls`
--
ALTER TABLE `z_polls`
  MODIFY `id` int(11) NOT NULL AUTO_INCREMENT;

--
-- Restrições para dumps de tabelas
--

--
-- Restrições para tabelas `account_bans`
--
ALTER TABLE `account_bans`
  ADD CONSTRAINT `account_bans_account_fk` FOREIGN KEY (`account_id`) REFERENCES `accounts` (`id`) ON DELETE CASCADE ON UPDATE CASCADE,
  ADD CONSTRAINT `account_bans_player_fk` FOREIGN KEY (`banned_by`) REFERENCES `players` (`id`) ON DELETE CASCADE ON UPDATE CASCADE;

--
-- Restrições para tabelas `account_ban_history`
--
ALTER TABLE `account_ban_history`
  ADD CONSTRAINT `account_bans_history_account_fk` FOREIGN KEY (`account_id`) REFERENCES `accounts` (`id`) ON DELETE CASCADE ON UPDATE CASCADE,
  ADD CONSTRAINT `account_bans_history_player_fk` FOREIGN KEY (`banned_by`) REFERENCES `players` (`id`) ON DELETE CASCADE ON UPDATE CASCADE;

--
-- Restrições para tabelas `account_viplist`
--
ALTER TABLE `account_viplist`
  ADD CONSTRAINT `account_viplist_account_fk` FOREIGN KEY (`account_id`) REFERENCES `accounts` (`id`) ON DELETE CASCADE,
  ADD CONSTRAINT `account_viplist_player_fk` FOREIGN KEY (`player_id`) REFERENCES `players` (`id`) ON DELETE CASCADE;

--
-- Restrições para tabelas `coins_transactions`
--
ALTER TABLE `coins_transactions`
  ADD CONSTRAINT `coins_transactions_account_fk` FOREIGN KEY (`account_id`) REFERENCES `accounts` (`id`) ON DELETE CASCADE;

--
-- Restrições para tabelas `daily_reward_history`
--
ALTER TABLE `daily_reward_history`
  ADD CONSTRAINT `daily_reward_history_player_fk` FOREIGN KEY (`player_id`) REFERENCES `players` (`id`) ON DELETE CASCADE;

--
-- Restrições para tabelas `forge_history`
--
ALTER TABLE `forge_history`
  ADD CONSTRAINT `forge_history_ibfk_1` FOREIGN KEY (`player_id`) REFERENCES `players` (`id`) ON DELETE CASCADE;

--
-- Restrições para tabelas `guilds`
--
ALTER TABLE `guilds`
  ADD CONSTRAINT `guilds_ownerid_fk` FOREIGN KEY (`ownerid`) REFERENCES `players` (`id`) ON DELETE CASCADE;

--
-- Restrições para tabelas `guildwar_kills`
--
ALTER TABLE `guildwar_kills`
  ADD CONSTRAINT `guildwar_kills_warid_fk` FOREIGN KEY (`warid`) REFERENCES `guild_wars` (`id`) ON DELETE CASCADE;

--
-- Restrições para tabelas `guild_invites`
--
ALTER TABLE `guild_invites`
  ADD CONSTRAINT `guild_invites_guild_fk` FOREIGN KEY (`guild_id`) REFERENCES `guilds` (`id`) ON DELETE CASCADE,
  ADD CONSTRAINT `guild_invites_player_fk` FOREIGN KEY (`player_id`) REFERENCES `players` (`id`) ON DELETE CASCADE;

--
-- Restrições para tabelas `guild_membership`
--
ALTER TABLE `guild_membership`
  ADD CONSTRAINT `guild_membership_guild_fk` FOREIGN KEY (`guild_id`) REFERENCES `guilds` (`id`) ON DELETE CASCADE ON UPDATE CASCADE,
  ADD CONSTRAINT `guild_membership_player_fk` FOREIGN KEY (`player_id`) REFERENCES `players` (`id`) ON DELETE CASCADE ON UPDATE CASCADE,
  ADD CONSTRAINT `guild_membership_rank_fk` FOREIGN KEY (`rank_id`) REFERENCES `guild_ranks` (`id`) ON DELETE CASCADE ON UPDATE CASCADE;

--
-- Restrições para tabelas `guild_ranks`
--
ALTER TABLE `guild_ranks`
  ADD CONSTRAINT `guild_ranks_fk` FOREIGN KEY (`guild_id`) REFERENCES `guilds` (`id`) ON DELETE CASCADE;

--
-- Restrições para tabelas `house_lists`
--
ALTER TABLE `house_lists`
  ADD CONSTRAINT `houses_list_house_fk` FOREIGN KEY (`house_id`) REFERENCES `houses` (`id`) ON DELETE CASCADE;

--
-- Restrições para tabelas `ip_bans`
--
ALTER TABLE `ip_bans`
  ADD CONSTRAINT `ip_bans_players_fk` FOREIGN KEY (`banned_by`) REFERENCES `players` (`id`) ON DELETE CASCADE ON UPDATE CASCADE;

--
-- Restrições para tabelas `market_history`
--
ALTER TABLE `market_history`
  ADD CONSTRAINT `market_history_players_fk` FOREIGN KEY (`player_id`) REFERENCES `players` (`id`) ON DELETE CASCADE;

--
-- Restrições para tabelas `market_offers`
--
ALTER TABLE `market_offers`
  ADD CONSTRAINT `market_offers_players_fk` FOREIGN KEY (`player_id`) REFERENCES `players` (`id`) ON DELETE CASCADE;

--
-- Restrições para tabelas `players`
--
ALTER TABLE `players`
  ADD CONSTRAINT `players_account_fk` FOREIGN KEY (`account_id`) REFERENCES `accounts` (`id`) ON DELETE CASCADE;

--
-- Restrições para tabelas `player_deaths`
--
ALTER TABLE `player_deaths`
  ADD CONSTRAINT `player_deaths_players_fk` FOREIGN KEY (`player_id`) REFERENCES `players` (`id`) ON DELETE CASCADE;

--
-- Restrições para tabelas `player_depotitems`
--
ALTER TABLE `player_depotitems`
  ADD CONSTRAINT `player_depotitems_players_fk` FOREIGN KEY (`player_id`) REFERENCES `players` (`id`) ON DELETE CASCADE;

--
-- Restrições para tabelas `player_hirelings`
--
ALTER TABLE `player_hirelings`
  ADD CONSTRAINT `player_hirelings_ibfk_1` FOREIGN KEY (`player_id`) REFERENCES `players` (`id`) ON DELETE CASCADE;

--
-- Restrições para tabelas `player_inboxitems`
--
ALTER TABLE `player_inboxitems`
  ADD CONSTRAINT `player_inboxitems_players_fk` FOREIGN KEY (`player_id`) REFERENCES `players` (`id`) ON DELETE CASCADE;

--
-- Restrições para tabelas `player_items`
--
ALTER TABLE `player_items`
  ADD CONSTRAINT `player_items_players_fk` FOREIGN KEY (`player_id`) REFERENCES `players` (`id`) ON DELETE CASCADE;

--
-- Restrições para tabelas `player_namelocks`
--
ALTER TABLE `player_namelocks`
  ADD CONSTRAINT `player_namelocks_players2_fk` FOREIGN KEY (`namelocked_by`) REFERENCES `players` (`id`) ON DELETE CASCADE ON UPDATE CASCADE,
  ADD CONSTRAINT `player_namelocks_players_fk` FOREIGN KEY (`player_id`) REFERENCES `players` (`id`) ON DELETE CASCADE ON UPDATE CASCADE;

--
-- Restrições para tabelas `player_rewards`
--
ALTER TABLE `player_rewards`
  ADD CONSTRAINT `player_rewards_players_fk` FOREIGN KEY (`player_id`) REFERENCES `players` (`id`) ON DELETE CASCADE;

--
-- Restrições para tabelas `player_spells`
--
ALTER TABLE `player_spells`
  ADD CONSTRAINT `player_spells_players_fk` FOREIGN KEY (`player_id`) REFERENCES `players` (`id`) ON DELETE CASCADE;

--
-- Restrições para tabelas `player_storage`
--
ALTER TABLE `player_storage`
  ADD CONSTRAINT `player_storage_players_fk` FOREIGN KEY (`player_id`) REFERENCES `players` (`id`) ON DELETE CASCADE;

--
-- Restrições para tabelas `player_wheeldata`
--
ALTER TABLE `player_wheeldata`
  ADD CONSTRAINT `player_wheeldata_players_fk` FOREIGN KEY (`player_id`) REFERENCES `players` (`id`) ON DELETE CASCADE;

--
-- Restrições para tabelas `store_history`
--
ALTER TABLE `store_history`
  ADD CONSTRAINT `store_history_account_fk` FOREIGN KEY (`account_id`) REFERENCES `accounts` (`id`) ON DELETE CASCADE;

--
-- Restrições para tabelas `tile_store`
--
ALTER TABLE `tile_store`
  ADD CONSTRAINT `tile_store_account_fk` FOREIGN KEY (`house_id`) REFERENCES `houses` (`id`) ON DELETE CASCADE;
COMMIT;

/*!40101 SET CHARACTER_SET_CLIENT=@OLD_CHARACTER_SET_CLIENT */;
/*!40101 SET CHARACTER_SET_RESULTS=@OLD_CHARACTER_SET_RESULTS */;
/*!40101 SET COLLATION_CONNECTION=@OLD_COLLATION_CONNECTION */;
